PatentNumber,InDegree,OutDegree,TotalDegree,GlobalEfficiency,SubgraphEfficiency,BetweennessCentrality,ClosenessCentrality,ClusteringCoefficient,ComponentSize,Connectivity
US5827729-A,0,2,2,0.05476740983232111,0.406168718032689,0.0,0,0.0,275,0.3468
US2014342445-A1,4,0,4,0.05476740983232111,0.406168718032689,0.0,0,0.0,275,0.3468
US10087422-B2,12,0,12,0.05476740983232111,0.406168718032689,0.0,0,0.0,275,0.3468
US20020072116-A1,0,2,2,0.05476740983232111,0.406168718032689,0.0,0,0.0,275,0.3468
US20110053207-A1,0,4,4,0.05476740983232111,0.406168718032689,0.0,0,0.0,275,0.3468
US10954482-B2,212,0,212,0.05476740983232111,0.406168718032689,0.0,0,0.0,275,0.3468
US11773359-B2,212,0,212,0.05476740983232111,0.406168718032689,0.0,0,0.0,275,0.3468
US20110250585-A1,0,4,4,0.05476740983232111,0.406168718032689,0.0,0,0.0,275,0.3468
US20080220516-A1,0,1,1,0.05476740983232111,0.406168718032689,0.0,0,0.0,275,0.3468
US20100267136-A1,0,3,3,0.05476740983232111,0.406168718032689,0.0,0,0.0,275,0.3468
US20130309677-A1,0,1,1,0.05476740983232111,0.406168718032689,0.0,0,0.0,275,0.3468
US20140342445-A1,0,1,1,0.05476740983232111,0.406168718032689,0.0,0,0.0,275,0.3468
US8968543-B2,0,1,1,0.05476740983232111,0.406168718032689,0.0,0,0.0,275,0.3468
WO2006047758-A1,0,3,3,0.05476740983232111,0.406168718032689,0.0,0,0.0,275,0.3468
WO2008051265-A2,0,3,3,0.05476740983232111,0.406168718032689,0.0,0,0.0,275,0.3468
WO2010009307-A2,0,4,4,0.05476740983232111,0.406168718032689,0.0,0,0.0,275,0.3468
US2020392441-A1,2,0,2,0.05476740983232111,0.406168718032689,0.0,0,0.0,275,0.3468
US20090275072-A1,0,1,1,0.05476740983232111,1.0,0.0,0,0.0,2,0.0025
US2019032021-A1,1,0,1,0.05476740983232111,1.0,0.0,0,0.0,2,0.0025
WO2019036666-A1,0,1,1,0.05476740983232111,0.5555555555555556,0.0,0,0.0,18,0.0227
US11732226-B2,17,0,17,0.05476740983232111,0.5555555555555556,0.0,0,0.0,18,0.0227
US20040038420-A1,0,1,1,0.05476740983232111,0.5555555555555556,0.0,0,0.0,18,0.0227
US20100267142-A1,0,1,1,0.05476740983232111,0.5555555555555556,0.0,0,0.0,18,0.0227
US20120101268-A1,0,1,1,0.05476740983232111,0.5555555555555556,0.0,0,0.0,18,0.0227
US20180126037-A1,0,1,1,0.05476740983232111,0.5555555555555556,0.0,0,0.0,18,0.0227
US20180216058-A1,0,1,1,0.05476740983232111,0.5555555555555556,0.0,0,0.0,18,0.0227
US20180223251-A1,0,1,1,0.05476740983232111,0.5555555555555556,0.0,0,0.0,18,0.0227
US20180230415-A1,0,1,1,0.05476740983232111,0.5555555555555556,0.0,0,0.0,18,0.0227
US20180312810-A1,0,1,1,0.05476740983232111,0.5555555555555556,0.0,0,0.0,18,0.0227
US20200190456-A1,0,1,1,0.05476740983232111,0.5555555555555556,0.0,0,0.0,18,0.0227
US6867048-B2,0,1,1,0.05476740983232111,0.5555555555555556,0.0,0,0.0,18,0.0227
US8003378-B2,0,1,1,0.05476740983232111,0.5555555555555556,0.0,0,0.0,18,0.0227
US10360819-B2,0,1,1,0.05476740983232111,0.5555555555555556,0.0,0,0.0,18,0.0227
US10633623-B2,0,1,1,0.05476740983232111,0.5555555555555556,0.0,0,0.0,18,0.0227
WO2013086486-A1,0,1,1,0.05476740983232111,0.5555555555555556,0.0,0,0.0,18,0.0227
WO2019191111-A1,0,1,1,0.05476740983232111,0.5555555555555556,0.0,0,0.0,18,0.0227
WO2020073043-A1,0,1,1,0.05476740983232111,0.5555555555555556,0.0,0,0.0,18,0.0227
CN107828655-A,0,1,1,0.05476740983232111,0.6666666666666666,0.0,0,0.0,6,0.0076
EP3830244-A4,5,0,5,0.05476740983232111,0.6666666666666666,0.0,0,0.0,6,0.0076
EP3138904-A1,0,1,1,0.05476740983232111,0.6666666666666666,0.0,0,0.0,6,0.0076
US5554536-A,0,1,1,0.05476740983232111,0.6666666666666666,0.0,0,0.0,6,0.0076
WO2003100417-A1,0,1,1,0.05476740983232111,0.6666666666666666,0.0,0,0.0,6,0.0076
WO2018079793-A1,0,1,1,0.05476740983232111,0.6666666666666666,0.0,0,0.0,6,0.0076
US20060270032-A1,0,1,1,0.05476740983232111,0.75,0.0,0,0.0,4,0.005
US11654161-B2,3,0,3,0.05476740983232111,0.75,0.0,0,0.0,4,0.005
US20070015210-A1,0,1,1,0.05476740983232111,0.75,0.0,0,0.0,4,0.005
US20150267164-A1,0,1,1,0.05476740983232111,0.75,0.0,0,0.0,4,0.005
US20120209378-A1,0,1,1,0.05476740983232111,1.0,0.0,0,0.0,2,0.0025
US2021108178-A1,1,0,1,0.05476740983232111,1.0,0.0,0,0.0,2,0.0025
US20140273223-A1,0,1,1,0.05476740983232111,0.75,0.0,0,0.0,4,0.005
EP4139048-A4,3,0,3,0.05476740983232111,0.75,0.0,0,0.0,4,0.005
US20140302594-A1,0,1,1,0.05476740983232111,0.75,0.0,0,0.0,4,0.005
WO2017143049-A1,0,1,1,0.05476740983232111,0.75,0.0,0,0.0,4,0.005
EP954965-A1,0,1,1,0.05476740983232111,0.6666666666666666,0.0,0,0.0,6,0.0076
US10995225-B2,5,0,5,0.05476740983232111,0.6666666666666666,0.0,0,0.0,6,0.0076
US20090269380-A1,0,1,1,0.05476740983232111,0.6666666666666666,0.0,0,0.0,6,0.0076
US20140364391-A1,0,1,1,0.05476740983232111,0.6666666666666666,0.0,0,0.0,6,0.0076
US20150064455-A1,0,1,1,0.05476740983232111,0.6666666666666666,0.0,0,0.0,6,0.0076
WO2015066171-A1,0,1,1,0.05476740983232111,0.6666666666666666,0.0,0,0.0,6,0.0076
WO2018187380-A1,0,1,1,0.05476740983232111,1.0,0.0,0,0.0,2,0.0025
WO2021108554-A3,1,0,1,0.05476740983232111,1.0,0.0,0,0.0,2,0.0025
US20140335496-A1,0,1,1,0.05476740983232111,0.8333333333333334,0.0,0,0.0,3,0.0038
US2022356433-A1,2,0,2,0.05476740983232111,0.8333333333333334,0.0,0,0.0,3,0.0038
WO2020028720-A1,0,1,1,0.05476740983232111,0.8333333333333334,0.0,0,0.0,3,0.0038
CN104822821-A,0,1,1,0.05476740983232111,0.6428571428571429,0.0,0,0.0,7,0.0088
CN113840907-A,6,0,6,0.05476740983232111,0.6428571428571429,0.0,0,0.0,7,0.0088
CN106232801-A,0,1,1,0.05476740983232111,0.6428571428571429,0.0,0,0.0,7,0.0088
CN107949635-A,0,1,1,0.05476740983232111,0.6428571428571429,0.0,0,0.0,7,0.0088
CN109152797-A,0,1,1,0.05476740983232111,0.6428571428571429,0.0,0,0.0,7,0.0088
US20030215941-A1,0,1,1,0.05476740983232111,0.6428571428571429,0.0,0,0.0,7,0.0088
WO2017164797-A1,0,1,1,0.05476740983232111,0.6428571428571429,0.0,0,0.0,7,0.0088
CN102124096-A,0,1,1,0.05476740983232111,0.75,0.0,0,0.0,4,0.005
CN111655837-A,3,0,3,0.05476740983232111,0.75,0.0,0,0.0,4,0.005
CN106459898-A,0,1,1,0.05476740983232111,0.75,0.0,0,0.0,4,0.005
US20140308688-A1,0,1,1,0.05476740983232111,0.75,0.0,0,0.0,4,0.005
WO2014052835-A1,0,3,3,0.05476740983232111,0.406168718032689,0.0,0,0.0,275,0.3468
CN111670245-A,2,0,2,0.05476740983232111,0.406168718032689,0.0,0,0.0,275,0.3468
EP4092108-A1,3,0,3,0.05476740983232111,0.406168718032689,0.0,0,0.0,275,0.3468
WO2013086329-A1,0,2,2,0.05476740983232111,0.406168718032689,0.0,0,0.0,275,0.3468
EP3728552-B1,1,0,1,0.05476740983232111,0.406168718032689,0.0,0,0.0,275,0.3468
US2020385661-A1,2,0,2,0.05476740983232111,0.406168718032689,0.0,0,0.0,275,0.3468
US20030152646-A1,0,2,2,0.05476740983232111,0.6030303030303031,0.0,0,0.0,11,0.0139
US2021101146-A1,4,0,4,0.05476740983232111,0.6030303030303031,0.0,0,0.0,11,0.0139
US11738340-B2,9,0,9,0.05476740983232111,0.6030303030303031,0.0,0,0.0,11,0.0139
US20130203086-A1,0,2,2,0.05476740983232111,0.6030303030303031,0.0,0,0.0,11,0.0139
US20170015964-A1,0,2,2,0.05476740983232111,0.6030303030303031,0.0,0,0.0,11,0.0139
US20210324316-A1,0,2,2,0.05476740983232111,0.6030303030303031,0.0,0,0.0,11,0.0139
US20110154655-A1,0,1,1,0.05476740983232111,0.6030303030303031,0.0,0,0.0,11,0.0139
US20140142370-A1,0,1,1,0.05476740983232111,0.6030303030303031,0.0,0,0.0,11,0.0139
US20150031116-A1,0,1,1,0.05476740983232111,0.6030303030303031,0.0,0,0.0,11,0.0139
WO2013116834-A2,0,1,1,0.05476740983232111,0.6030303030303031,0.0,0,0.0,11,0.0139
WO2015157390-A9,0,1,1,0.05476740983232111,0.6030303030303031,0.0,0,0.0,11,0.0139
US4072577-A,0,1,1,0.05476740983232111,0.55,0.0,0,0.0,20,0.0252
US11261414-B2,19,0,19,0.05476740983232111,0.55,0.0,0,0.0,20,0.0252
US6054100-A,0,1,1,0.05476740983232111,0.55,0.0,0,0.0,20,0.0252
US20110174820-A1,0,1,1,0.05476740983232111,0.55,0.0,0,0.0,20,0.0252
US20150329816-A1,0,1,1,0.05476740983232111,0.55,0.0,0,0.0,20,0.0252
US20180085726-A1,0,1,1,0.05476740983232111,0.55,0.0,0,0.0,20,0.0252
US20180209731-A1,0,1,1,0.05476740983232111,0.55,0.0,0,0.0,20,0.0252
US6379626-B1,0,1,1,0.05476740983232111,0.55,0.0,0,0.0,20,0.0252
US9844780-B2,0,1,1,0.05476740983232111,0.55,0.0,0,0.0,20,0.0252
CN204369902-U,0,1,1,0.05476740983232111,0.55,0.0,0,0.0,20,0.0252
US20070231887-A1,0,1,1,0.05476740983232111,0.55,0.0,0,0.0,20,0.0252
US20150072413-A1,0,1,1,0.05476740983232111,0.55,0.0,0,0.0,20,0.0252
US20150299631-A1,0,1,1,0.05476740983232111,0.55,0.0,0,0.0,20,0.0252
US20170227525-A1,0,1,1,0.05476740983232111,0.55,0.0,0,0.0,20,0.0252
WO2013139798-A1,0,1,1,0.05476740983232111,0.55,0.0,0,0.0,20,0.0252
WO2013144253-A1,0,1,1,0.05476740983232111,0.55,0.0,0,0.0,20,0.0252
WO2014016379-A1,0,1,1,0.05476740983232111,0.55,0.0,0,0.0,20,0.0252
WO2016189142-A1,0,1,1,0.05476740983232111,0.55,0.0,0,0.0,20,0.0252
WO2017091718-A1,0,1,1,0.05476740983232111,0.55,0.0,0,0.0,20,0.0252
WO2017096296-A1,0,1,1,0.05476740983232111,0.55,0.0,0,0.0,20,0.0252
US20110201669-A1,0,2,2,0.05476740983232111,0.406168718032689,0.0,0,0.0,275,0.3468
US2013236879-A1,1,0,1,0.05476740983232111,0.406168718032689,0.0,0,0.0,275,0.3468
US9034571-B2,6,0,6,0.05476740983232111,0.406168718032689,0.0,0,0.0,275,0.3468
US20030049839-A1,0,2,2,0.05476740983232111,0.406168718032689,0.0,0,0.0,275,0.3468
CN104271168-A,3,0,3,0.05476740983232111,0.406168718032689,0.0,0,0.0,275,0.3468
WO2012016711-A1,0,4,4,0.05476740983232111,0.406168718032689,0.0,0,0.0,275,0.3468
EP2822612-A4,2,0,2,0.05476740983232111,0.406168718032689,0.0,0,0.0,275,0.3468
WO2009042639-A2,0,2,2,0.05476740983232111,0.406168718032689,0.0,0,0.0,275,0.3468
US20080300691-A1,0,1,1,0.05476740983232111,0.406168718032689,0.0,0,0.0,275,0.3468
US20100075293-A1,0,1,1,0.05476740983232111,0.406168718032689,0.0,0,0.0,275,0.3468
US20100136114-A1,0,1,1,0.05476740983232111,0.406168718032689,0.0,0,0.0,275,0.3468
US20110020950-A1,0,1,1,0.05476740983232111,0.406168718032689,0.0,0,0.0,275,0.3468
US20100279268-A1,0,1,1,0.05476740983232111,0.406168718032689,0.0,0,0.0,275,0.3468
US2015212071-A1,3,0,3,0.05476740983232111,0.406168718032689,0.0,0,0.0,275,0.3468
US20110033543-A1,0,1,1,0.05476740983232111,0.406168718032689,0.0,0,0.0,275,0.3468
US6197575-B1,0,3,3,0.05476740983232111,0.406168718032689,0.0,0,0.0,275,0.3468
US20020146817-A1,0,4,4,0.05476740983232111,0.406168718032689,0.0,0,0.0,275,0.3468
US2015004077-A1,7,0,7,0.05476740983232111,0.406168718032689,0.0,0,0.0,275,0.3468
US2019106665-A1,6,0,6,0.05476740983232111,0.406168718032689,0.0,0,0.0,275,0.3468
US20040248318-A1,0,4,4,0.05476740983232111,0.406168718032689,0.0,0,0.0,275,0.3468
US20050221269-A1,0,3,3,0.05476740983232111,0.406168718032689,0.0,0,0.0,275,0.3468
US20100028850-A1,0,3,3,0.05476740983232111,0.406168718032689,0.0,0,0.0,275,0.3468
US20100129784-A1,0,4,4,0.05476740983232111,0.406168718032689,0.0,0,0.0,275,0.3468
US20110086382-A1,0,4,4,0.05476740983232111,0.406168718032689,0.0,0,0.0,275,0.3468
US2021388301-A1,1,0,1,0.05476740983232111,0.406168718032689,0.0,0,0.0,275,0.3468
US20110229927-A1,0,3,3,0.05476740983232111,0.406168718032689,0.0,0,0.0,275,0.3468
US20080200343-A1,0,3,3,0.05476740983232111,0.406168718032689,0.0,0,0.0,275,0.3468
US20080261288-A1,0,3,3,0.05476740983232111,0.406168718032689,0.0,0,0.0,275,0.3468
US20110071055-A1,0,3,3,0.05476740983232111,0.406168718032689,0.0,0,0.0,275,0.3468
DE2431918-A,0,2,2,0.05476740983232111,0.406168718032689,0.0,0,0.0,275,0.3468
EA8075-B1,0,2,2,0.05476740983232111,0.406168718032689,0.0,0,0.0,275,0.3468
EA14429-B1,0,1,1,0.05476740983232111,0.406168718032689,0.0,0,0.0,275,0.3468
EP539383-A1,0,2,2,0.05476740983232111,0.406168718032689,0.0,0,0.0,275,0.3468
EP637996-A1,0,2,2,0.05476740983232111,0.406168718032689,0.0,0,0.0,275,0.3468
EP637997-A1,0,2,2,0.05476740983232111,0.406168718032689,0.0,0,0.0,275,0.3468
EP823483-A1,0,2,2,0.05476740983232111,0.406168718032689,0.0,0,0.0,275,0.3468
EP1820846-A1,0,2,2,0.05476740983232111,0.406168718032689,0.0,0,0.0,275,0.3468
ES2287351-T3,0,2,2,0.05476740983232111,0.406168718032689,0.0,0,0.0,275,0.3468
FR1598245-A,0,2,2,0.05476740983232111,0.406168718032689,0.0,0,0.0,275,0.3468
FR2786783-A1,0,2,2,0.05476740983232111,0.406168718032689,0.0,0,0.0,275,0.3468
GB863707-A,0,2,2,0.05476740983232111,0.406168718032689,0.0,0,0.0,275,0.3468
JP04152885-A,0,2,2,0.05476740983232111,0.406168718032689,0.0,0,0.0,275,0.3468
JP2001521789-A1,0,2,2,0.05476740983232111,0.406168718032689,0.0,0,0.0,275,0.3468
JP2005514971-A1,0,2,2,0.05476740983232111,0.406168718032689,0.0,0,0.0,275,0.3468
JP2007501633-A1,0,2,2,0.05476740983232111,0.406168718032689,0.0,0,0.0,275,0.3468
RU2301677-C1,0,2,2,0.05476740983232111,0.406168718032689,0.0,0,0.0,275,0.3468
RU2168174-C2,0,2,2,0.05476740983232111,0.406168718032689,0.0,0,0.0,275,0.3468
US3300386-A,0,2,2,0.05476740983232111,0.406168718032689,0.0,0,0.0,275,0.3468
US3313290-A,0,2,2,0.05476740983232111,0.406168718032689,0.0,0,0.0,275,0.3468
US3722504-A,0,2,2,0.05476740983232111,0.406168718032689,0.0,0,0.0,275,0.3468
US3941662-A,0,2,2,0.05476740983232111,0.406168718032689,0.0,0,0.0,275,0.3468
US3948732-A,0,2,2,0.05476740983232111,0.406168718032689,0.0,0,0.0,275,0.3468
US4225671-A,0,2,2,0.05476740983232111,0.406168718032689,0.0,0,0.0,275,0.3468
US4436824-A,0,2,2,0.05476740983232111,0.406168718032689,0.0,0,0.0,275,0.3468
US4446229-A,0,2,2,0.05476740983232111,0.406168718032689,0.0,0,0.0,275,0.3468
US4537860-A,0,2,2,0.05476740983232111,0.406168718032689,0.0,0,0.0,275,0.3468
US4610878-A,0,2,2,0.05476740983232111,0.406168718032689,0.0,0,0.0,275,0.3468
US4629686-A,0,2,2,0.05476740983232111,0.406168718032689,0.0,0,0.0,275,0.3468
US4650766-A,0,2,2,0.05476740983232111,0.406168718032689,0.0,0,0.0,275,0.3468
US4673650-A,0,2,2,0.05476740983232111,0.406168718032689,0.0,0,0.0,275,0.3468
US4720462-A,0,2,2,0.05476740983232111,0.406168718032689,0.0,0,0.0,275,0.3468
US4734372-A,0,2,2,0.05476740983232111,0.406168718032689,0.0,0,0.0,275,0.3468
US4737455-A,0,2,2,0.05476740983232111,0.406168718032689,0.0,0,0.0,275,0.3468
US4749654-A,0,2,2,0.05476740983232111,0.406168718032689,0.0,0,0.0,275,0.3468
US4835102-A,0,2,2,0.05476740983232111,0.406168718032689,0.0,0,0.0,275,0.3468
US4839280-A,0,2,2,0.05476740983232111,0.406168718032689,0.0,0,0.0,275,0.3468
US4851354-A,0,2,2,0.05476740983232111,0.406168718032689,0.0,0,0.0,275,0.3468
US4929542-A,0,2,2,0.05476740983232111,0.406168718032689,0.0,0,0.0,275,0.3468
US4940853-A,0,2,2,0.05476740983232111,0.406168718032689,0.0,0,0.0,275,0.3468
US5002890-A,0,2,2,0.05476740983232111,0.406168718032689,0.0,0,0.0,275,0.3468
US5043260-A,0,2,2,0.05476740983232111,0.406168718032689,0.0,0,0.0,275,0.3468
US5108926-A,0,2,2,0.05476740983232111,0.406168718032689,0.0,0,0.0,275,0.3468
US5160490-A,0,2,2,0.05476740983232111,0.406168718032689,0.0,0,0.0,275,0.3468
US5217899-A,0,2,2,0.05476740983232111,0.406168718032689,0.0,0,0.0,275,0.3468
US5290684-A,0,2,2,0.05476740983232111,0.406168718032689,0.0,0,0.0,275,0.3468
US5316905-A,0,2,2,0.05476740983232111,0.406168718032689,0.0,0,0.0,275,0.3468
US5348879-A,0,2,2,0.05476740983232111,0.406168718032689,0.0,0,0.0,275,0.3468
US5486335-A,0,2,2,0.05476740983232111,0.406168718032689,0.0,0,0.0,275,0.3468
US5496697-A,0,2,2,0.05476740983232111,0.406168718032689,0.0,0,0.0,275,0.3468
US5498392-A,0,2,2,0.05476740983232111,0.406168718032689,0.0,0,0.0,275,0.3468
US5587128-A,0,2,2,0.05476740983232111,0.406168718032689,0.0,0,0.0,275,0.3468
US5612188-A,0,2,2,0.05476740983232111,0.406168718032689,0.0,0,0.0,275,0.3468
US5637469-A,0,2,2,0.05476740983232111,0.406168718032689,0.0,0,0.0,275,0.3468
US5726026-A,0,2,2,0.05476740983232111,0.406168718032689,0.0,0,0.0,275,0.3468
US5744366-A,0,2,2,0.05476740983232111,0.406168718032689,0.0,0,0.0,275,0.3468
US5750329-A,0,2,2,0.05476740983232111,0.406168718032689,0.0,0,0.0,275,0.3468
US5820769-A,0,2,2,0.05476740983232111,0.406168718032689,0.0,0,0.0,275,0.3468
US5900160-A,0,2,2,0.05476740983232111,0.406168718032689,0.0,0,0.0,275,0.3468
US5906828-A,0,2,2,0.05476740983232111,0.406168718032689,0.0,0,0.0,275,0.3468
US6048723-A,0,2,2,0.05476740983232111,0.406168718032689,0.0,0,0.0,275,0.3468
US6054277-A,0,2,2,0.05476740983232111,0.406168718032689,0.0,0,0.0,275,0.3468
US6133030-A,0,2,2,0.05476740983232111,0.406168718032689,0.0,0,0.0,275,0.3468
US20020129813-A1,0,2,2,0.05476740983232111,0.406168718032689,0.0,0,0.0,275,0.3468
US20020173033-A1,0,2,2,0.05476740983232111,0.406168718032689,0.0,0,0.0,275,0.3468
US20030021792-A1,0,2,2,0.05476740983232111,0.406168718032689,0.0,0,0.0,275,0.3468
US20030082795-A1,0,3,3,0.05476740983232111,0.406168718032689,0.0,0,0.0,275,0.3468
CN116103152-B,3,0,3,0.05476740983232111,0.406168718032689,0.0,0,0.0,275,0.3468
US20030096405-A1,0,2,2,0.05476740983232111,0.406168718032689,0.0,0,0.0,275,0.3468
US20030175824-A1,0,2,2,0.05476740983232111,0.406168718032689,0.0,0,0.0,275,0.3468
US20040034435-A1,0,2,2,0.05476740983232111,0.406168718032689,0.0,0,0.0,275,0.3468
US20040132166-A1,0,2,2,0.05476740983232111,0.406168718032689,0.0,0,0.0,275,0.3468
US20050032205-A1,0,2,2,0.05476740983232111,0.406168718032689,0.0,0,0.0,275,0.3468
US20050169962-A1,0,2,2,0.05476740983232111,0.406168718032689,0.0,0,0.0,275,0.3468
US20050266393-A1,0,2,2,0.05476740983232111,0.406168718032689,0.0,0,0.0,275,0.3468
US20050273995-A1,0,2,2,0.05476740983232111,0.406168718032689,0.0,0,0.0,275,0.3468
US20060019326-A1,0,2,2,0.05476740983232111,0.406168718032689,0.0,0,0.0,275,0.3468
US20060099116-A1,0,2,2,0.05476740983232111,0.406168718032689,0.0,0,0.0,275,0.3468
US20060154361-A1,0,2,2,0.05476740983232111,0.406168718032689,0.0,0,0.0,275,0.3468
US20060263336-A1,0,2,2,0.05476740983232111,0.406168718032689,0.0,0,0.0,275,0.3468
US20060270023-A1,0,2,2,0.05476740983232111,0.406168718032689,0.0,0,0.0,275,0.3468
US20070015273-A1,0,2,2,0.05476740983232111,0.406168718032689,0.0,0,0.0,275,0.3468
US20070015274-A1,0,2,2,0.05476740983232111,0.406168718032689,0.0,0,0.0,275,0.3468
US20070015275-A1,0,2,2,0.05476740983232111,0.406168718032689,0.0,0,0.0,275,0.3468
US20070020693-A1,0,2,2,0.05476740983232111,0.406168718032689,0.0,0,0.0,275,0.3468
US20070026519-A1,0,2,2,0.05476740983232111,0.406168718032689,0.0,0,0.0,275,0.3468
US20070037273-A1,0,2,2,0.05476740983232111,0.406168718032689,0.0,0,0.0,275,0.3468
US20070037275-A1,0,2,2,0.05476740983232111,0.406168718032689,0.0,0,0.0,275,0.3468
US20070037277-A1,0,2,2,0.05476740983232111,0.406168718032689,0.0,0,0.0,275,0.3468
US20070048727-A1,0,2,2,0.05476740983232111,0.406168718032689,0.0,0,0.0,275,0.3468
US20070122794-A1,0,2,2,0.05476740983232111,0.406168718032689,0.0,0,0.0,275,0.3468
US20070122896-A1,0,2,2,0.05476740983232111,0.406168718032689,0.0,0,0.0,275,0.3468
US20070144514-A1,0,2,2,0.05476740983232111,0.406168718032689,0.0,0,0.0,275,0.3468
US20070172943-A1,0,2,2,0.05476740983232111,0.406168718032689,0.0,0,0.0,275,0.3468
US20070207194-A1,0,2,2,0.05476740983232111,0.406168718032689,0.0,0,0.0,275,0.3468
US20070224677-A1,0,2,2,0.05476740983232111,0.406168718032689,0.0,0,0.0,275,0.3468
US20070243627-A1,0,2,2,0.05476740983232111,0.406168718032689,0.0,0,0.0,275,0.3468
US20070275435-A1,0,2,2,0.05476740983232111,0.406168718032689,0.0,0,0.0,275,0.3468
US20070275455-A1,0,2,2,0.05476740983232111,0.406168718032689,0.0,0,0.0,275,0.3468
US20070275882-A1,0,2,2,0.05476740983232111,0.406168718032689,0.0,0,0.0,275,0.3468
US20070281353-A1,0,2,2,0.05476740983232111,0.406168718032689,0.0,0,0.0,275,0.3468
US20080032380-A1,0,2,2,0.05476740983232111,0.406168718032689,0.0,0,0.0,275,0.3468
US20080064088-A1,0,2,2,0.05476740983232111,0.406168718032689,0.0,0,0.0,275,0.3468
US20080166794-A1,0,2,2,0.05476740983232111,0.406168718032689,0.0,0,0.0,275,0.3468
US20080166795-A1,0,2,2,0.05476740983232111,0.406168718032689,0.0,0,0.0,275,0.3468
US20080233607-A1,0,3,3,0.05476740983232111,0.406168718032689,0.0,0,0.0,275,0.3468
US11840683-B2,10,0,10,0.05476740983232111,0.406168718032689,0.0,0,0.044444444444444446,275,0.3468
US20080318334-A1,0,2,2,0.05476740983232111,0.406168718032689,0.0,0,0.0,275,0.3468
US20090028755-A1,0,2,2,0.05476740983232111,0.406168718032689,0.0,0,0.0,275,0.3468
US20090074623-A1,0,2,2,0.05476740983232111,0.406168718032689,0.0,0,0.0,275,0.3468
US20090078614-A1,0,2,2,0.05476740983232111,0.406168718032689,0.0,0,0.0,275,0.3468
US20090131858-A1,0,2,2,0.05476740983232111,0.406168718032689,0.0,0,0.0,275,0.3468
US20090134235-A1,0,2,2,0.05476740983232111,0.406168718032689,0.0,0,0.0,275,0.3468
US20090220932-A1,0,2,2,0.05476740983232111,0.406168718032689,0.0,0,0.0,275,0.3468
US20100041128-A1,0,2,2,0.05476740983232111,0.406168718032689,0.0,0,0.0,275,0.3468
US20100043494-A1,0,2,2,0.05476740983232111,0.406168718032689,0.0,0,0.0,275,0.3468
US20100294986-A1,0,2,2,0.05476740983232111,0.406168718032689,0.0,0,0.0,275,0.3468
US20100304355-A1,0,2,2,0.05476740983232111,0.406168718032689,0.0,0,0.0,275,0.3468
US20100323439-A1,0,2,2,0.05476740983232111,0.406168718032689,0.0,0,0.0,275,0.3468
US20110000482-A1,0,2,2,0.05476740983232111,0.406168718032689,0.0,0,0.0,275,0.3468
US20110027804-A1,0,2,2,0.05476740983232111,0.406168718032689,0.0,0,0.0,275,0.3468
US20110183312-A1,0,2,2,0.05476740983232111,0.406168718032689,0.0,0,0.0,275,0.3468
US20110269226-A1,0,2,2,0.05476740983232111,0.406168718032689,0.0,0,0.0,275,0.3468
US20110287469-A1,0,2,2,0.05476740983232111,0.406168718032689,0.0,0,0.0,275,0.3468
US20120003732-A1,0,2,2,0.05476740983232111,0.406168718032689,0.0,0,0.0,275,0.3468
US20120088693-A1,0,2,2,0.05476740983232111,0.406168718032689,0.0,0,0.0,275,0.3468
US20120135446-A1,0,2,2,0.05476740983232111,0.406168718032689,0.0,0,0.0,275,0.3468
US20120135452-A1,0,3,3,0.05476740983232111,0.406168718032689,0.0,0,0.0,275,0.3468
US2023010963-A1,11,0,11,0.05476740983232111,0.406168718032689,0.0,0,0.0,275,0.3468
US20120199487-A1,0,2,2,0.05476740983232111,0.406168718032689,0.0,0,0.0,275,0.3468
US20120214189-A1,0,2,2,0.05476740983232111,0.406168718032689,0.0,0,0.0,275,0.3468
US20120318726-A1,0,2,2,0.05476740983232111,0.406168718032689,0.0,0,0.0,275,0.3468
US20120322097-A1,0,2,2,0.05476740983232111,0.406168718032689,0.0,0,0.0,275,0.3468
US20130059322-A1,0,2,2,0.05476740983232111,0.406168718032689,0.0,0,0.0,275,0.3468
US20130109594-A1,0,2,2,0.05476740983232111,0.406168718032689,0.0,0,0.0,275,0.3468
US6255106-B1,0,2,2,0.05476740983232111,0.406168718032689,0.0,0,0.0,275,0.3468
US6306644-B1,0,2,2,0.05476740983232111,0.406168718032689,0.0,0,0.0,275,0.3468
US6329195-B1,0,2,2,0.05476740983232111,0.406168718032689,0.0,0,0.0,275,0.3468
US6472202-B1,0,2,2,0.05476740983232111,0.406168718032689,0.0,0,0.0,275,0.3468
US6498010-B1,0,2,2,0.05476740983232111,0.406168718032689,0.0,0,0.0,275,0.3468
US6530370-B1,0,2,2,0.05476740983232111,0.406168718032689,0.0,0,0.0,275,0.3468
US6562616-B1,0,2,2,0.05476740983232111,0.406168718032689,0.0,0,0.0,275,0.3468
US6586235-B1,0,2,2,0.05476740983232111,0.406168718032689,0.0,0,0.0,275,0.3468
US6645432-B1,0,2,2,0.05476740983232111,0.406168718032689,0.0,0,0.0,275,0.3468
US6653124-B1,0,2,2,0.05476740983232111,0.406168718032689,0.0,0,0.0,275,0.3468
US7314718-B1,0,2,2,0.05476740983232111,0.406168718032689,0.0,0,0.0,275,0.3468
US7790028-B1,0,2,2,0.05476740983232111,0.406168718032689,0.0,0,0.0,275,0.3468
US6454924-B2,0,2,2,0.05476740983232111,0.406168718032689,0.0,0,0.0,275,0.3468
US6630801-B2,0,2,2,0.05476740983232111,0.406168718032689,0.0,0,0.0,275,0.3468
US6645759-B2,0,2,2,0.05476740983232111,0.406168718032689,0.0,0,0.0,275,0.3468
US6730516-B2,0,2,2,0.05476740983232111,0.406168718032689,0.0,0,0.0,275,0.3468
US6921253-B2,0,2,2,0.05476740983232111,0.406168718032689,0.0,0,0.0,275,0.3468
US6998265-B2,0,2,2,0.05476740983232111,0.406168718032689,0.0,0,0.0,275,0.3468
US7049057-B2,0,2,2,0.05476740983232111,0.406168718032689,0.0,0,0.0,275,0.3468
US7288405-B2,0,2,2,0.05476740983232111,0.406168718032689,0.0,0,0.0,275,0.3468
US7438856-B2,0,2,2,0.05476740983232111,0.406168718032689,0.0,0,0.0,275,0.3468
US7745209-B2,0,2,2,0.05476740983232111,0.406168718032689,0.0,0,0.0,275,0.3468
US7763456-B2,0,2,2,0.05476740983232111,0.406168718032689,0.0,0,0.0,275,0.3468
US7960166-B2,0,2,2,0.05476740983232111,0.406168718032689,0.0,0,0.0,275,0.3468
US7964078-B2,0,2,2,0.05476740983232111,0.406168718032689,0.0,0,0.0,275,0.3468
US7976795-B2,0,2,2,0.05476740983232111,0.406168718032689,0.0,0,0.0,275,0.3468
US7977089-B2,0,2,2,0.05476740983232111,0.406168718032689,0.0,0,0.0,275,0.3468
US7985336-B2,0,2,2,0.05476740983232111,0.406168718032689,0.0,0,0.0,275,0.3468
US8030061-B2,0,2,2,0.05476740983232111,0.406168718032689,0.0,0,0.0,275,0.3468
US8147562-B2,0,2,2,0.05476740983232111,0.406168718032689,0.0,0,0.0,275,0.3468
US8187863-B2,0,2,2,0.05476740983232111,0.406168718032689,0.0,0,0.0,275,0.3468
US8268152-B2,0,2,2,0.05476740983232111,0.406168718032689,0.0,0,0.0,275,0.3468
US8273572-B2,0,2,2,0.05476740983232111,0.406168718032689,0.0,0,0.0,275,0.3468
US8318479-B2,0,2,2,0.05476740983232111,0.406168718032689,0.0,0,0.0,275,0.3468
US8343740-B2,0,2,2,0.05476740983232111,0.406168718032689,0.0,0,0.0,275,0.3468
US8357528-B2,0,2,2,0.05476740983232111,0.406168718032689,0.0,0,0.0,275,0.3468
US8460546-B2,0,2,2,0.05476740983232111,0.406168718032689,0.0,0,0.0,275,0.3468
US8470589-B2,0,2,2,0.05476740983232111,0.406168718032689,0.0,0,0.0,275,0.3468
WO1982003227-A,0,2,2,0.05476740983232111,0.406168718032689,0.0,0,0.0,275,0.3468
WO1991002049-A,0,2,2,0.05476740983232111,0.406168718032689,0.0,0,0.0,275,0.3468
WO1992016826-A1,0,2,2,0.05476740983232111,0.406168718032689,0.0,0,0.0,275,0.3468
WO1993011498-A1,0,2,2,0.05476740983232111,0.406168718032689,0.0,0,0.0,275,0.3468
WO2003037042-A1,0,2,2,0.05476740983232111,0.406168718032689,0.0,0,0.0,275,0.3468
WO2003043675-A1,0,2,2,0.05476740983232111,0.406168718032689,0.0,0,0.0,275,0.3468
WO2005014175-A1,0,2,2,0.05476740983232111,0.406168718032689,0.0,0,0.0,275,0.3468
WO2005100537-A1,0,2,2,0.05476740983232111,0.406168718032689,0.0,0,0.0,275,0.3468
WO2005110408-A1,0,2,2,0.05476740983232111,0.406168718032689,0.0,0,0.0,275,0.3468
WO2012154729-A1,0,2,2,0.05476740983232111,0.406168718032689,0.0,0,0.0,275,0.3468
WO2012154834-A1,0,2,2,0.05476740983232111,0.406168718032689,0.0,0,0.0,275,0.3468
WO2013056019-A1,0,2,2,0.05476740983232111,0.406168718032689,0.0,0,0.0,275,0.3468
WO2008040015-A2,0,2,2,0.05476740983232111,0.406168718032689,0.0,0,0.0,275,0.3468
WO2009089189-A2,0,2,2,0.05476740983232111,0.406168718032689,0.0,0,0.0,275,0.3468
WO2010062911-A2,0,2,2,0.05476740983232111,0.406168718032689,0.0,0,0.0,275,0.3468
WO2011014674-A2,0,2,2,0.05476740983232111,0.406168718032689,0.0,0,0.0,275,0.3468
WO2012118799-A2,0,2,2,0.05476740983232111,0.406168718032689,0.0,0,0.0,275,0.3468
WO1999022781-A3,0,2,2,0.05476740983232111,0.406168718032689,0.0,0,0.0,275,0.3468
WO1999047922-A3,0,2,2,0.05476740983232111,0.406168718032689,0.0,0,0.0,275,0.3468
WO2003027223-A3,0,2,2,0.05476740983232111,0.406168718032689,0.0,0,0.0,275,0.3468
WO2003082145-A3,0,2,2,0.05476740983232111,0.406168718032689,0.0,0,0.0,275,0.3468
WO2004101743-A3,0,2,2,0.05476740983232111,0.406168718032689,0.0,0,0.0,275,0.3468
WO2007021343-A3,0,2,2,0.05476740983232111,0.406168718032689,0.0,0,0.0,275,0.3468
WO2010123594-A9,0,2,2,0.05476740983232111,0.406168718032689,0.0,0,0.0,275,0.3468
EA200601901-A1,0,1,1,0.05476740983232111,0.406168718032689,0.0,0,0.0,275,0.3468
CN104582747-A,0,1,1,0.05476740983232111,0.625,0.0,0,0.0,8,0.0101
CN110036106-A,7,0,7,0.05476740983232111,0.625,0.0,0,0.0,8,0.0101
CN105025942-A,0,1,1,0.05476740983232111,0.625,0.0,0,0.0,8,0.0101
CN105143883-A,0,1,1,0.05476740983232111,0.625,0.0,0,0.0,8,0.0101
CN105358675-A,0,1,1,0.05476740983232111,0.625,0.0,0,0.0,8,0.0101
US20150030544-A1,0,1,1,0.05476740983232111,0.625,0.0,0,0.0,8,0.0101
US20150196584-A1,0,1,1,0.05476740983232111,0.625,0.0,0,0.0,8,0.0101
WO2014065863-A1,0,1,1,0.05476740983232111,0.625,0.0,0,0.0,8,0.0101
US20150004077-A1,0,1,1,0.05476740983232111,0.8333333333333334,0.0,0,0.0,3,0.0038
US2021008555-A1,2,0,2,0.05476740983232111,0.8333333333333334,0.0,0,0.0,3,0.0038
US20180142196-A1,0,1,1,0.05476740983232111,0.8333333333333334,0.0,0,0.0,3,0.0038
US20100199750-A1,0,1,1,0.05476740983232111,0.7,0.0,0,0.0,5,0.0063
EP3764883-A4,4,0,4,0.05476740983232111,0.7,0.0,0,0.0,5,0.0063
US20130295598-A1,0,1,1,0.05476740983232111,0.7,0.0,0,0.0,5,0.0063
US20140057311-A1,0,1,1,0.05476740983232111,0.7,0.0,0,0.0,5,0.0063
US20160130543-A1,0,1,1,0.05476740983232111,0.7,0.0,0,0.0,5,0.0063
CN105420106-A,0,2,2,0.05476740983232111,0.406168718032689,0.0,0,1.0,275,0.3468
WO2020231833-A1,4,1,5,0.05476740983232111,0.406168718032689,3.1924810685872635e-06,0,0.2,275,0.3468
CN107955783-A,0,1,1,0.05476740983232111,0.406168718032689,0.0,0,0.0,275,0.3468
CN107955786-A,0,1,1,0.05476740983232111,0.406168718032689,0.0,0,0.0,275,0.3468
CN108485975-A,0,2,2,0.05476740983232111,0.406168718032689,0.0,0,1.0,275,0.3468
US20110159522-A1,0,1,1,0.05476740983232111,0.406168718032689,0.0,0,0.0,275,0.3468
US20110186165-A1,0,1,1,0.05476740983232111,0.406168718032689,0.0,0,0.0,275,0.3468
US20180298343-A1,0,1,1,0.05476740983232111,0.406168718032689,0.0,0,0.0,275,0.3468
WO2016207654-A1,0,1,1,0.05476740983232111,0.406168718032689,0.0,0,0.0,275,0.3468
CN107955783-B,0,1,1,0.05476740983232111,0.406168718032689,0.0,0,0.0,275,0.3468
CN107955786-B,0,1,1,0.05476740983232111,0.406168718032689,0.0,0,0.0,275,0.3468
WO2017136462-A2,0,3,3,0.05476740983232111,0.406168718032689,0.0,0,0.0,275,0.3468
WO2018052953-A1,0,1,1,0.05476740983232111,0.406168718032689,0.0,0,0.0,275,0.3468
WO2021198139-A1,0,1,1,0.05476740983232111,0.75,0.0,0,0.0,4,0.005
WO2023242246-A1,3,0,3,0.05476740983232111,0.75,0.0,0,0.0,4,0.005
WO2021234414-A1,0,1,1,0.05476740983232111,0.75,0.0,0,0.0,4,0.005
US10392474-B2,0,1,1,0.05476740983232111,0.75,0.0,0,0.0,4,0.005
US20210301247-A1,0,1,1,0.05476740983232111,0.75,0.0,0,0.0,4,0.005
WO2023237436-A1,3,0,3,0.05476740983232111,0.75,0.0,0,0.0,4,0.005
US20220169965-A1,0,1,1,0.05476740983232111,0.75,0.0,0,0.0,4,0.005
WO2009146911-A2,0,1,1,0.05476740983232111,0.75,0.0,0,0.0,4,0.005
EP3913048-A1,0,1,1,0.05476740983232111,1.0,0.0,0,0.0,2,0.0025
WO2023186794-A1,1,0,1,0.05476740983232111,1.0,0.0,0,0.0,2,0.0025
CN114480600-A,0,1,1,0.05476740983232111,0.5909090909090909,0.0,0,0.0,11,0.0139
CN116825206-B,10,0,10,0.05476740983232111,0.5909090909090909,0.0,0,0.0,11,0.0139
CN114864003-A,0,1,1,0.05476740983232111,0.5909090909090909,0.0,0,0.0,11,0.0139
CN115232875-A,0,1,1,0.05476740983232111,0.5909090909090909,0.0,0,0.0,11,0.0139
CN115798723-A,0,1,1,0.05476740983232111,0.5909090909090909,0.0,0,0.0,11,0.0139
CN116004828-A,0,1,1,0.05476740983232111,0.5909090909090909,0.0,0,0.0,11,0.0139
CN116246713-A,0,1,1,0.05476740983232111,0.5909090909090909,0.0,0,0.0,11,0.0139
CN116259360-A,0,1,1,0.05476740983232111,0.5909090909090909,0.0,0,0.0,11,0.0139
CN116474100-A,0,1,1,0.05476740983232111,0.5909090909090909,0.0,0,0.0,11,0.0139
CN116612822-A,0,1,1,0.05476740983232111,0.5909090909090909,0.0,0,0.0,11,0.0139
US20230160009-A1,0,1,1,0.05476740983232111,0.5909090909090909,0.0,0,0.0,11,0.0139
CN110317790-A,0,3,3,0.05476740983232111,0.2428891739383885,0.0,0,0.0,77,0.0971
CN116814551-B,10,0,10,0.05476740983232111,0.2428891739383885,0.0,0,0.0,77,0.0971
CN116590235-B,13,0,13,0.05476740983232111,0.2428891739383885,0.0,0,0.0,77,0.0971
CN114732913-B,9,0,9,0.05476740983232111,0.2428891739383885,0.0,0,0.0,77,0.0971
CN112266898-A,0,3,3,0.05476740983232111,0.2428891739383885,0.0,0,0.0,77,0.0971
CN114874971-B,6,0,6,0.05476740983232111,0.2428891739383885,0.0,0,0.0,77,0.0971
CN113025575-A,0,1,1,0.05476740983232111,0.2428891739383885,0.0,0,0.0,77,0.0971
CN114292816-A,0,1,1,0.05476740983232111,0.2428891739383885,0.0,0,0.0,77,0.0971
CN114317443-A,0,3,3,0.05476740983232111,0.2428891739383885,0.0,0,0.0,77,0.0971
CN115322948-B,9,0,9,0.05476740983232111,0.2428891739383885,0.0,0,0.0,77,0.0971
CN115305240-B,6,0,6,0.05476740983232111,0.2428891739383885,0.0,0,0.0,77,0.0971
CN114317444-A,0,1,1,0.05476740983232111,0.2428891739383885,0.0,0,0.0,77,0.0971
CN114891749-A,0,1,1,0.05476740983232111,0.2428891739383885,0.0,0,0.0,77,0.0971
CN115094027-A,0,1,1,0.05476740983232111,0.2428891739383885,0.0,0,0.0,77,0.0971
US20230257717-A1,0,1,1,0.05476740983232111,0.2428891739383885,0.0,0,0.0,77,0.0971
WO2021260195-A1,0,1,1,0.05476740983232111,0.2428891739383885,0.0,0,0.0,77,0.0971
CN110129270-A,0,1,1,0.05476740983232111,0.3467372134038795,0.0,0,0.0,28,0.0353
CN116751749-B,7,0,7,0.05476740983232111,0.3467372134038795,0.0,0,0.0,28,0.0353
CN111172111-A,0,1,1,0.05476740983232111,0.3467372134038795,0.0,0,0.0,28,0.0353
CN113481162-A,0,3,3,0.05476740983232111,0.3467372134038795,0.0,0,0.0,28,0.0353
CN114958756-B,5,0,5,0.05476740983232111,0.3467372134038795,0.0,0,0.0,28,0.0353
CN114807039-B,6,0,6,0.05476740983232111,0.3467372134038795,0.0,0,0.0,28,0.0353
CN114181886-A,0,1,1,0.05476740983232111,0.3467372134038795,0.0,0,0.0,28,0.0353
CN115466727-A,0,1,1,0.05476740983232111,0.3467372134038795,0.0,0,0.0,28,0.0353
CN116286655-A,0,1,1,0.05476740983232111,0.3467372134038795,0.0,0,0.0,28,0.0353
US20230029554-A1,0,1,1,0.05476740983232111,0.3467372134038795,0.0,0,0.0,28,0.0353
WO2016103269-A1,0,1,1,0.05476740983232111,0.6666666666666666,0.0,0,0.0,6,0.0076
WO2023166111-A1,5,0,5,0.05476740983232111,0.6666666666666666,0.0,0,0.0,6,0.0076
WO2021216846-A9,0,1,1,0.05476740983232111,0.6666666666666666,0.0,0,0.0,6,0.0076
US4946778-A,0,1,1,0.05476740983232111,0.6666666666666666,0.0,0,0.0,6,0.0076
US6080560-A,0,1,1,0.05476740983232111,0.6666666666666666,0.0,0,0.0,6,0.0076
WO2008022759-A2,0,1,1,0.05476740983232111,0.6666666666666666,0.0,0,0.0,6,0.0076
US20130085079-A1,0,1,1,0.05476740983232111,0.6666666666666666,0.0,0,0.0,6,0.0076
WO2023161769-A1,5,0,5,0.05476740983232111,0.6666666666666666,0.0,0,0.0,6,0.0076
US20140274802-A1,0,1,1,0.05476740983232111,0.6666666666666666,0.0,0,0.0,6,0.0076
US9688962-B2,0,1,1,0.05476740983232111,0.6666666666666666,0.0,0,0.0,6,0.0076
WO2006097707-A2,0,1,1,0.05476740983232111,0.6666666666666666,0.0,0,0.0,6,0.0076
WO2021100047-A1,0,1,1,0.05476740983232111,0.6666666666666666,0.0,0,0.0,6,0.0076
WO2006118615-A2,0,1,1,0.05476740983232111,1.0,0.0,0,0.0,2,0.0025
WO2023156638-A1,1,0,1,0.05476740983232111,1.0,0.0,0,0.0,2,0.0025
CN110408595-A,0,1,1,0.05476740983232111,0.2428891739383885,0.0,0,0.0,77,0.0971
CN111876383-A,0,1,1,0.05476740983232111,0.2428891739383885,0.0,0,0.0,77,0.0971
CN113755426-A,0,1,1,0.05476740983232111,0.2428891739383885,0.0,0,0.0,77,0.0971
CN114181903-A,0,1,1,0.05476740983232111,0.2428891739383885,0.0,0,0.0,77,0.0971
CN114292804-A,0,1,1,0.05476740983232111,0.2428891739383885,0.0,0,0.0,77,0.0971
CN114480289-A,0,1,1,0.05476740983232111,0.2428891739383885,0.0,0,0.0,77,0.0971
CN114958753-A,0,1,1,0.05476740983232111,0.2428891739383885,0.0,0,0.0,77,0.0971
CN115449504-A,0,1,1,0.05476740983232111,0.2428891739383885,0.0,0,0.0,77,0.0971
US20050106725-A1,0,1,1,0.05476740983232111,0.2428891739383885,0.0,0,0.0,77,0.0971
US20210355450-A1,0,2,2,0.05476740983232111,0.2428891739383885,0.0,0,0.0,77,0.0971
CN114790446-B,6,0,6,0.05476740983232111,0.2428891739383885,0.0,0,0.0,77,0.0971
WO2023060764-A1,0,1,1,0.05476740983232111,0.2428891739383885,0.0,0,0.0,77,0.0971
WO2015002888-A1,0,1,1,0.05476740983232111,0.8333333333333334,0.0,0,0.0,3,0.0038
WO2023139215-A1,2,0,2,0.05476740983232111,0.8333333333333334,0.0,0,0.0,3,0.0038
WO2018041784-A1,0,1,1,0.05476740983232111,0.8333333333333334,0.0,0,0.0,3,0.0038
CN112852713-A,0,1,1,0.05476740983232111,0.6,0.0,0,0.0,10,0.0126
CN116410918-B,9,0,9,0.05476740983232111,0.6,0.0,0,0.0,10,0.0126
CN113621563-A,0,1,1,0.05476740983232111,0.6,0.0,0,0.0,10,0.0126
CN115975918-A,0,1,1,0.05476740983232111,0.6,0.0,0,0.0,10,0.0126
CN116196333-A,0,1,1,0.05476740983232111,0.6,0.0,0,0.0,10,0.0126
KR2020038672-A,0,1,1,0.05476740983232111,0.6,0.0,0,0.0,10,0.0126
KR2461314-B1,0,1,1,0.05476740983232111,0.6,0.0,0,0.0,10,0.0126
US20180147420-A1,0,1,1,0.05476740983232111,0.6,0.0,0,0.0,10,0.0126
WO2020180311-A1,0,1,1,0.05476740983232111,0.6,0.0,0,0.0,10,0.0126
WO2022119417-A1,0,1,1,0.05476740983232111,0.6,0.0,0,0.0,10,0.0126
WO2017060884-A1,0,1,1,0.05476740983232111,0.6666666666666667,0.0,0,0.0,5,0.0063
WO2023110941-A1,3,0,3,0.05476740983232111,0.6666666666666667,0.0,0,0.0,5,0.0063
WO2022008757-A1,0,1,1,0.05476740983232111,0.6666666666666667,0.0,0,0.0,5,0.0063
US8058065-B2,0,2,2,0.05476740983232111,0.6666666666666667,0.0,0,0.0,5,0.0063
US2022259566-A1,1,0,1,0.05476740983232111,0.6666666666666667,0.0,0,0.0,5,0.0063
DE3720844-A,0,1,1,0.05476740983232111,0.5769230769230769,0.0,0,0.0,13,0.0164
WO2023110319-A1,12,0,12,0.05476740983232111,0.5769230769230769,0.0,0,0.0,13,0.0164
DE102008018170-A1,0,1,1,0.05476740983232111,0.5769230769230769,0.0,0,0.0,13,0.0164
DE102016222072-A1,0,1,1,0.05476740983232111,0.5769230769230769,0.0,0,0.0,13,0.0164
DE102016222075-A1,0,1,1,0.05476740983232111,0.5769230769230769,0.0,0,0.0,13,0.0164
DE69634490-T2,0,1,1,0.05476740983232111,0.5769230769230769,0.0,0,0.0,13,0.0164
EP3880796-A1,0,1,1,0.05476740983232111,0.5769230769230769,0.0,0,0.0,13,0.0164
US20120273357-A1,0,1,1,0.05476740983232111,0.5769230769230769,0.0,0,0.0,13,0.0164
US20130190212-A1,0,1,1,0.05476740983232111,0.5769230769230769,0.0,0,0.0,13,0.0164
US20160272934-A1,0,1,1,0.05476740983232111,0.5769230769230769,0.0,0,0.0,13,0.0164
WO2014179196-A1,0,1,1,0.05476740983232111,0.5769230769230769,0.0,0,0.0,13,0.0164
WO2016183143-A1,0,1,1,0.05476740983232111,0.5769230769230769,0.0,0,0.0,13,0.0164
WO2021224328-A1,0,1,1,0.05476740983232111,0.5769230769230769,0.0,0,0.0,13,0.0164
AU2003236478-A1,0,1,1,0.05476740983232111,0.5588235294117647,0.0,0,0.0,17,0.0214
WO2023089157-A1,16,0,16,0.05476740983232111,0.5588235294117647,0.0,0,0.0,17,0.0214
WO2003006615-A2,0,1,1,0.05476740983232111,0.5588235294117647,0.0,0,0.0,17,0.0214
EP345660-A,0,1,1,0.05476740983232111,0.5588235294117647,0.0,0,0.0,17,0.0214
EP950100-A1,0,1,1,0.05476740983232111,0.5588235294117647,0.0,0,0.0,17,0.0214
EP750628-B1,0,1,1,0.05476740983232111,0.5588235294117647,0.0,0,0.0,17,0.0214
EP950100-B1,0,1,1,0.05476740983232111,0.5588235294117647,0.0,0,0.0,17,0.0214
US5189148-A,0,1,1,0.05476740983232111,0.5588235294117647,0.0,0,0.0,17,0.0214
US5202311-A,0,1,1,0.05476740983232111,0.5588235294117647,0.0,0,0.0,17,0.0214
US5217954-A,0,1,1,0.05476740983232111,0.5588235294117647,0.0,0,0.0,17,0.0214
US6692961-B1,0,1,1,0.05476740983232111,0.5588235294117647,0.0,0,0.0,17,0.0214
US6653284-B2,0,1,1,0.05476740983232111,0.5588235294117647,0.0,0,0.0,17,0.0214
US7754686-B2,0,1,1,0.05476740983232111,0.5588235294117647,0.0,0,0.0,17,0.0214
US8304387-B2,0,1,1,0.05476740983232111,0.5588235294117647,0.0,0,0.0,17,0.0214
US10039807-B2,0,1,1,0.05476740983232111,0.5588235294117647,0.0,0,0.0,17,0.0214
WO2001002433-A1,0,1,1,0.05476740983232111,0.5588235294117647,0.0,0,0.0,17,0.0214
WO2013082196-A1,0,1,1,0.05476740983232111,0.5588235294117647,0.0,0,0.0,17,0.0214
CN106167790-A,0,1,1,0.05476740983232111,0.6428571428571429,0.0,0,0.0,7,0.0088
CN116121173-B,6,0,6,0.05476740983232111,0.6428571428571429,0.0,0,0.0,7,0.0088
CN111088229-A,0,1,1,0.05476740983232111,0.6428571428571429,0.0,0,0.0,7,0.0088
CN114807034-A,0,1,1,0.05476740983232111,0.6428571428571429,0.0,0,0.0,7,0.0088
JP2002325571-A,0,1,1,0.05476740983232111,0.6428571428571429,0.0,0,0.0,7,0.0088
US20160186136-A1,0,1,1,0.05476740983232111,0.6428571428571429,0.0,0,0.0,7,0.0088
WO2020249935-A1,0,1,1,0.05476740983232111,0.6428571428571429,0.0,0,0.0,7,0.0088
CN110885779-A,0,1,1,0.05476740983232111,0.406168718032689,0.0,0,0.0,275,0.3468
WO2022134294-A1,0,1,1,0.05476740983232111,0.406168718032689,0.0,0,0.0,275,0.3468
US3297157-A,0,1,1,0.05476740983232111,0.6428571428571429,0.0,0,0.0,7,0.0088
WO2023083740-A1,6,0,6,0.05476740983232111,0.6428571428571429,0.0,0,0.0,7,0.0088
US4201525-A,0,1,1,0.05476740983232111,0.6428571428571429,0.0,0,0.0,7,0.0088
US3613884-A,0,1,1,0.05476740983232111,0.6428571428571429,0.0,0,0.0,7,0.0088
US3746166-A,0,1,1,0.05476740983232111,0.6428571428571429,0.0,0,0.0,7,0.0088
US20210072142-A1,0,1,1,0.05476740983232111,0.6428571428571429,0.0,0,0.0,7,0.0088
US8940541-B2,0,1,1,0.05476740983232111,0.6428571428571429,0.0,0,0.0,7,0.0088
CN109825437-A,0,1,1,0.05476740983232111,0.6428571428571429,0.0,0,0.0,7,0.0088
CN116064236-B,6,0,6,0.05476740983232111,0.6428571428571429,0.0,0,0.0,7,0.0088
CN111575189-A,0,1,1,0.05476740983232111,0.6428571428571429,0.0,0,0.0,7,0.0088
CN111909838-A,0,1,1,0.05476740983232111,0.6428571428571429,0.0,0,0.0,7,0.0088
CN113388517-A,0,1,1,0.05476740983232111,0.6428571428571429,0.0,0,0.0,7,0.0088
CN114231414-A,0,1,1,0.05476740983232111,0.6428571428571429,0.0,0,0.0,7,0.0088
CN114276930-A,0,1,1,0.05476740983232111,0.6428571428571429,0.0,0,0.0,7,0.0088
WO2020204827-A1,0,1,1,0.05476740983232111,0.6666666666666666,0.0,0,0.0,6,0.0076
LU500789-B1,5,0,5,0.05476740983232111,0.6666666666666666,0.0,0,0.0,6,0.0076
EP2218778-A1,0,1,1,0.05476740983232111,0.6666666666666666,0.0,0,0.0,6,0.0076
WO2009115295-A1,0,1,1,0.05476740983232111,0.6666666666666666,0.0,0,0.0,6,0.0076
WO2009144008-A1,0,1,1,0.05476740983232111,0.6666666666666666,0.0,0,0.0,6,0.0076
WO2013104752-A1,0,1,1,0.05476740983232111,0.6666666666666666,0.0,0,0.0,6,0.0076
CN110063953-A,0,3,3,0.05476740983232111,0.5680555555555553,0.0,0,0.0,16,0.0202
WO2023076935-A1,1,0,1,0.05476740983232111,0.5680555555555553,0.0,0,0.0,16,0.0202
US11654172-B2,11,0,11,0.05476740983232111,0.5680555555555553,0.0,0,0.0,16,0.0202
US11654171-B2,11,0,11,0.05476740983232111,0.5680555555555553,0.0,0,0.0,16,0.0202
US10098867-B2,0,3,3,0.05476740983232111,0.5680555555555553,0.0,0,0.0,16,0.0202
WO2023076928-A1,2,0,2,0.05476740983232111,0.5680555555555553,0.0,0,0.0,16,0.0202
WO2020194237-A1,0,3,3,0.05476740983232111,0.5680555555555553,0.0,0,0.0,16,0.0202
US11123308-B2,0,2,2,0.05476740983232111,0.5680555555555553,0.0,0,0.0,16,0.0202
WO2019003163-A3,0,1,1,0.05476740983232111,0.5680555555555553,0.0,0,0.0,16,0.0202
RU2745687-C1,0,2,2,0.05476740983232111,0.5680555555555553,0.0,0,0.0,16,0.0202
US20210069608-A1,0,2,2,0.05476740983232111,0.5680555555555553,0.0,0,0.0,16,0.0202
US20210128521-A1,0,2,2,0.05476740983232111,0.5680555555555553,0.0,0,0.0,16,0.0202
WO2018167038-A1,0,2,2,0.05476740983232111,0.5680555555555553,0.0,0,0.0,16,0.0202
WO2020163775-A1,0,2,2,0.05476740983232111,0.5680555555555553,0.0,0,0.0,16,0.0202
WO2021016718-A1,0,2,2,0.05476740983232111,0.5680555555555553,0.0,0,0.0,16,0.0202
WO2019003163-A2,0,1,1,0.05476740983232111,0.5680555555555553,0.0,0,0.0,16,0.0202
CA2818514-A1,0,1,1,0.05476740983232111,0.5526315789473685,0.0,0,0.0,19,0.024
CN116012838-B,18,0,18,0.05476740983232111,0.5526315789473685,0.0,0,0.0,19,0.024
CN109871735-A,0,1,1,0.05476740983232111,0.5526315789473685,0.0,0,0.0,19,0.024
CN112102323-A,0,1,1,0.05476740983232111,0.5526315789473685,0.0,0,0.0,19,0.024
CN113151149-A,0,1,1,0.05476740983232111,0.5526315789473685,0.0,0,0.0,19,0.024
CN113283352-A,0,1,1,0.05476740983232111,0.5526315789473685,0.0,0,0.0,19,0.024
CN113283353-A,0,1,1,0.05476740983232111,0.5526315789473685,0.0,0,0.0,19,0.024
CN113688939-A,0,1,1,0.05476740983232111,0.5526315789473685,0.0,0,0.0,19,0.024
CN113920108-A,0,1,1,0.05476740983232111,0.5526315789473685,0.0,0,0.0,19,0.024
CN114332855-A,0,1,1,0.05476740983232111,0.5526315789473685,0.0,0,0.0,19,0.024
CN114463290-A,0,1,1,0.05476740983232111,0.5526315789473685,0.0,0,0.0,19,0.024
CN114494217-A,0,1,1,0.05476740983232111,0.5526315789473685,0.0,0,0.0,19,0.024
CN114926562-A,0,1,1,0.05476740983232111,0.5526315789473685,0.0,0,0.0,19,0.024
CN115063360-A,0,1,1,0.05476740983232111,0.5526315789473685,0.0,0,0.0,19,0.024
CN115358973-A,0,1,1,0.05476740983232111,0.5526315789473685,0.0,0,0.0,19,0.024
CN115485714-A,0,1,1,0.05476740983232111,0.5526315789473685,0.0,0,0.0,19,0.024
EP4060552-A1,0,1,1,0.05476740983232111,0.5526315789473685,0.0,0,0.0,19,0.024
US20210172931-A1,0,1,1,0.05476740983232111,0.5526315789473685,0.0,0,0.0,19,0.024
US20210325308-A1,0,1,1,0.05476740983232111,0.5526315789473685,0.0,0,0.0,19,0.024
CN114746543-A,0,1,1,0.05476740983232111,0.7,0.0,0,0.0,5,0.0063
CN115927164-B,4,0,4,0.05476740983232111,0.7,0.0,0,0.0,5,0.0063
US20210079358-A1,0,1,1,0.05476740983232111,0.7,0.0,0,0.0,5,0.0063
US20220284832-A1,0,1,1,0.05476740983232111,0.7,0.0,0,0.0,5,0.0063
WO2000075286-A2,0,1,1,0.05476740983232111,0.7,0.0,0,0.0,5,0.0063
CN102712900-A,0,1,1,0.05476740983232111,0.6666666666666666,0.0,0,0.0,6,0.0076
CN115896023-B,5,0,5,0.05476740983232111,0.6666666666666666,0.0,0,0.0,6,0.0076
CN111094548-A,0,1,1,0.05476740983232111,0.6666666666666666,0.0,0,0.0,6,0.0076
CN114457036-A,0,1,1,0.05476740983232111,0.6666666666666666,0.0,0,0.0,6,0.0076
US20110223140-A1,0,1,1,0.05476740983232111,0.6666666666666666,0.0,0,0.0,6,0.0076
US20180016552-A1,0,1,1,0.05476740983232111,0.6666666666666666,0.0,0,0.0,6,0.0076
DE102009010446-A1,0,1,1,0.05476740983232111,0.6,0.0,0,0.0,10,0.0126
FR3127048-A1,9,0,9,0.05476740983232111,0.6,0.0,0,0.0,10,0.0126
DE102016120312-B3,0,1,1,0.05476740983232111,0.6,0.0,0,0.0,10,0.0126
DE202005021436-U1,0,1,1,0.05476740983232111,0.6,0.0,0,0.0,10,0.0126
EP2606394-A1,0,1,1,0.05476740983232111,0.6,0.0,0,0.0,10,0.0126
US20050243412-A1,0,1,1,0.05476740983232111,0.6,0.0,0,0.0,10,0.0126
US20110096393-A1,0,1,1,0.05476740983232111,0.6,0.0,0,0.0,10,0.0126
US20140146376-A1,0,1,1,0.05476740983232111,0.6,0.0,0,0.0,10,0.0126
US20180074306-A1,0,1,1,0.05476740983232111,0.6,0.0,0,0.0,10,0.0126
US20180202935-A1,0,1,1,0.05476740983232111,0.6,0.0,0,0.0,10,0.0126
US20200258223-A1,0,1,1,0.05476740983232111,0.8333333333333334,0.0,0,0.0,3,0.0038
WO2023285461-A1,2,0,2,0.05476740983232111,0.8333333333333334,0.0,0,0.0,3,0.0038
WO2020081343-A1,0,1,1,0.05476740983232111,0.8333333333333334,0.0,0,0.0,3,0.0038
US20190345491-A1,0,2,2,0.05476740983232111,0.5595238095238094,0.0,0,0.0,8,0.0101
US2023083853-A1,2,0,2,0.05476740983232111,0.5595238095238094,0.0,0,0.0,8,0.0101
US11802866-B2,5,0,5,0.05476740983232111,0.5595238095238094,0.0,0,0.0,8,0.0101
WO2021226543-A2,0,1,1,0.05476740983232111,0.5595238095238094,0.0,0,0.0,8,0.0101
WO2015128509-A1,0,1,1,0.05476740983232111,0.5595238095238094,0.0,0,0.0,8,0.0101
WO2016138491-A1,0,1,1,0.05476740983232111,0.5595238095238094,0.0,0,0.0,8,0.0101
WO2019191114-A1,0,1,1,0.05476740983232111,0.5595238095238094,0.0,0,0.0,8,0.0101
WO2019222284-A1,0,1,1,0.05476740983232111,0.5595238095238094,0.0,0,0.0,8,0.0101
US20090018033-A1,0,1,1,0.05476740983232111,0.406168718032689,0.0,0,0.0,275,0.3468
US20160258931-A1,0,1,1,0.05476740983232111,0.406168718032689,0.0,0,0.0,275,0.3468
US20180009901-A1,0,1,1,0.05476740983232111,0.406168718032689,0.0,0,0.0,275,0.3468
US20180085750-A1,0,1,1,0.05476740983232111,0.406168718032689,0.0,0,0.0,275,0.3468
US20180179481-A1,0,1,1,0.05476740983232111,0.406168718032689,0.0,0,0.0,275,0.3468
US20190324028-A1,0,1,1,0.05476740983232111,0.406168718032689,0.0,0,0.0,275,0.3468
US20200284730-A1,0,1,1,0.05476740983232111,0.406168718032689,0.0,0,0.0,275,0.3468
US20200392440-A1,0,1,1,0.05476740983232111,0.406168718032689,0.0,0,0.0,275,0.3468
US20210092555-A1,0,1,1,0.05476740983232111,0.406168718032689,0.0,0,0.0,275,0.3468
US10983116-B2,0,1,1,0.05476740983232111,0.406168718032689,0.0,0,0.0,275,0.3468
CN108486035-A,0,1,1,0.05476740983232111,0.6428571428571429,0.0,0,0.0,7,0.0088
CN115558633-B,6,0,6,0.05476740983232111,0.6428571428571429,0.0,0,0.0,7,0.0088
CN110004111-A,0,1,1,0.05476740983232111,0.6428571428571429,0.0,0,0.0,7,0.0088
CN110042077-A,0,1,1,0.05476740983232111,0.6428571428571429,0.0,0,0.0,7,0.0088
CN114181883-A,0,1,1,0.05476740983232111,0.6428571428571429,0.0,0,0.0,7,0.0088
CN114214267-A,0,1,1,0.05476740983232111,0.6428571428571429,0.0,0,0.0,7,0.0088
CN114457007-A,0,1,1,0.05476740983232111,0.6428571428571429,0.0,0,0.0,7,0.0088
US20200191776-A1,0,1,1,0.05476740983232111,0.8333333333333334,0.0,0,0.0,3,0.0038
US2022403331-A1,2,0,2,0.05476740983232111,0.8333333333333334,0.0,0,0.0,3,0.0038
WO2021086063-A1,0,1,1,0.05476740983232111,0.8333333333333334,0.0,0,0.0,3,0.0038
US20130142708-A1,0,1,1,0.05476740983232111,0.5714285714285714,0.0,0,0.0,14,0.0177
NL2028424-B1,13,0,13,0.05476740983232111,0.5714285714285714,0.0,0,0.0,14,0.0177
US20160243738-A1,0,1,1,0.05476740983232111,0.5714285714285714,0.0,0,0.0,14,0.0177
WO2009061392-A1,0,1,1,0.05476740983232111,0.5714285714285714,0.0,0,0.0,14,0.0177
WO2017096282-A1,0,1,1,0.05476740983232111,0.5714285714285714,0.0,0,0.0,14,0.0177
WO2017003546-A2,0,1,1,0.05476740983232111,0.5714285714285714,0.0,0,0.0,14,0.0177
WO2008079320-A1,0,1,1,0.05476740983232111,0.5714285714285714,0.0,0,0.0,14,0.0177
WO2010031194-A1,0,1,1,0.05476740983232111,0.5714285714285714,0.0,0,0.0,14,0.0177
WO2012120101-A1,0,1,1,0.05476740983232111,0.5714285714285714,0.0,0,0.0,14,0.0177
WO2013151616-A1,0,1,1,0.05476740983232111,0.5714285714285714,0.0,0,0.0,14,0.0177
WO2014038943-A1,0,1,1,0.05476740983232111,0.5714285714285714,0.0,0,0.0,14,0.0177
WO2019166644-A1,0,1,1,0.05476740983232111,0.5714285714285714,0.0,0,0.0,14,0.0177
WO2007008609-A2,0,1,1,0.05476740983232111,0.5714285714285714,0.0,0,0.0,14,0.0177
WO2010086179-A2,0,1,1,0.05476740983232111,0.5714285714285714,0.0,0,0.0,14,0.0177
CN106967672-A,0,2,2,0.05476740983232111,0.6416666666666667,0.0,0,0.0,5,0.0063
CN115418386-B,2,0,2,0.05476740983232111,0.6416666666666667,0.0,0,0.0,5,0.0063
CN114891720-B,2,0,2,0.05476740983232111,0.6416666666666667,0.0,0,0.0,5,0.0063
CN109943520-A,0,1,1,0.05476740983232111,0.6416666666666667,0.0,0,0.0,5,0.0063
CN114149961-A,0,1,1,0.05476740983232111,1.0,0.0,0,0.0,2,0.0025
CN115386535-B,1,0,1,0.05476740983232111,1.0,0.0,0,0.0,2,0.0025
CN102439135-A,0,1,1,0.05476740983232111,0.2428891739383885,0.0,0,0.0,77,0.0971
CN109072157-A,0,1,1,0.05476740983232111,0.2428891739383885,0.0,0,0.0,77,0.0971
CN110656086-A,0,1,1,0.05476740983232111,0.2428891739383885,0.0,0,0.0,77,0.0971
CN112608895-A,0,1,1,0.05476740983232111,0.2428891739383885,0.0,0,0.0,77,0.0971
CN114480250-A,0,1,1,0.05476740983232111,0.2428891739383885,0.0,0,0.0,77,0.0971
CN114480287-A,0,1,1,0.05476740983232111,0.2428891739383885,0.0,0,0.0,77,0.0971
CN114540276-A,0,1,1,0.05476740983232111,0.2428891739383885,0.0,0,0.0,77,0.0971
CN114574443-A,0,1,1,0.05476740983232111,0.2428891739383885,0.0,0,0.0,77,0.0971
CN107427537-A,0,2,2,0.05476740983232111,0.6666666666666667,0.0,0,0.0,5,0.0063
CN115322904-B,1,0,1,0.05476740983232111,0.6666666666666667,0.0,0,0.0,5,0.0063
CN114606178-B,3,0,3,0.05476740983232111,0.6666666666666667,0.0,0,0.0,5,0.0063
CN111019903-A,0,1,1,0.05476740983232111,0.2428891739383885,0.0,0,0.0,77,0.0971
CN111040996-A,0,1,1,0.05476740983232111,0.2428891739383885,0.0,0,0.0,77,0.0971
CN111197030-A,0,1,1,0.05476740983232111,0.2428891739383885,0.0,0,0.0,77,0.0971
CN112080472-A,0,2,2,0.05476740983232111,0.2428891739383885,0.0,0,0.0,77,0.0971
CN112430568-A,0,1,1,0.05476740983232111,0.2428891739383885,0.0,0,0.0,77,0.0971
CN101407788-A,0,1,1,0.05476740983232111,0.2428891739383885,0.0,0,0.0,77,0.0971
CN115287268-B,7,0,7,0.05476740983232111,0.2428891739383885,0.0,0,0.0,77,0.0971
CN109161516-A,0,2,2,0.05476740983232111,0.2428891739383885,0.0,0,0.0,77,0.0971
CN110468155-A,0,1,1,0.05476740983232111,0.2428891739383885,0.0,0,0.0,77,0.0971
CN113039268-A,0,1,1,0.05476740983232111,0.2428891739383885,0.0,0,0.0,77,0.0971
US20100172870-A1,0,1,1,0.05476740983232111,0.2428891739383885,0.0,0,0.0,77,0.0971
US20220112515-A1,0,1,1,0.05476740983232111,0.2428891739383885,0.0,0,0.0,77,0.0971
WO1994000126-A1,0,1,1,0.05476740983232111,0.2428891739383885,0.0,0,0.0,77,0.0971
CN103820385-A,0,1,1,0.05476740983232111,0.2428891739383885,0.0,0,0.0,77,0.0971
CN115261302-B,8,0,8,0.05476740983232111,0.2428891739383885,0.0,0,0.0,77,0.0971
CN104726398-A,0,1,1,0.05476740983232111,0.2428891739383885,0.0,0,0.0,77,0.0971
CN109844097-A,0,1,1,0.05476740983232111,0.2428891739383885,0.0,0,0.0,77,0.0971
CN111909889-A,0,1,1,0.05476740983232111,0.2428891739383885,0.0,0,0.0,77,0.0971
US4829000-A,0,1,1,0.05476740983232111,0.2428891739383885,0.0,0,0.0,77,0.0971
US5026381-A,0,1,1,0.05476740983232111,0.2428891739383885,0.0,0,0.0,77,0.0971
US20210128752-A1,0,2,2,0.05476740983232111,0.2428891739383885,0.0,0,0.0,77,0.0971
CN114606192-B,4,0,4,0.05476740983232111,0.2428891739383885,0.0,0,0.0,77,0.0971
WO2016146893-A1,0,1,1,0.05476740983232111,0.2428891739383885,0.0,0,0.0,77,0.0971
CN107722338-A,0,1,1,0.05476740983232111,0.6666666666666666,0.0,0,0.0,6,0.0076
EP4083112-A1,5,0,5,0.05476740983232111,0.6666666666666666,0.0,0,0.0,6,0.0076
EP2857583-A1,0,1,1,0.05476740983232111,0.6666666666666666,0.0,0,0.0,6,0.0076
WO2018108341-A1,0,1,1,0.05476740983232111,0.6666666666666666,0.0,0,0.0,6,0.0076
WO2018109281-A1,0,1,1,0.05476740983232111,0.6666666666666666,0.0,0,0.0,6,0.0076
US6202946-B1,0,1,1,0.05476740983232111,0.6666666666666666,0.0,0,0.0,6,0.0076
WO2014139168-A1,0,1,1,0.05476740983232111,1.0,0.0,0,0.0,2,0.0025
CN115212813-B,1,0,1,0.05476740983232111,1.0,0.0,0,0.0,2,0.0025
CN110055211-A,0,1,1,0.05476740983232111,0.7,0.0,0,0.0,5,0.0063
CN115125187-B,4,0,4,0.05476740983232111,0.7,0.0,0,0.0,5,0.0063
CN113957036-A,0,1,1,0.05476740983232111,0.7,0.0,0,0.0,5,0.0063
CN114075538-A,0,1,1,0.05476740983232111,0.7,0.0,0,0.0,5,0.0063
WO2018085615-A1,0,1,1,0.05476740983232111,0.7,0.0,0,0.0,5,0.0063
CN103305457-A,0,1,1,0.05476740983232111,0.8333333333333334,0.0,0,0.0,3,0.0038
CN115044534-B,2,0,2,0.05476740983232111,0.8333333333333334,0.0,0,0.0,3,0.0038
CN112522181-A,0,1,1,0.05476740983232111,0.8333333333333334,0.0,0,0.0,3,0.0038
CA3090409-A1,0,1,1,0.05476740983232111,0.3467372134038795,0.0,0,0.0,28,0.0353
CN115011548-B,9,0,9,0.05476740983232111,0.3467372134038795,0.0,0,0.0,28,0.0353
CN111454878-A,0,2,2,0.05476740983232111,0.3467372134038795,0.0,0,0.0,28,0.0353
US20210139857-A1,0,1,1,0.05476740983232111,0.3467372134038795,0.0,0,0.0,28,0.0353
US20210208131-A1,0,1,1,0.05476740983232111,0.3467372134038795,0.0,0,0.0,28,0.0353
US20220145265-A1,0,1,1,0.05476740983232111,0.3467372134038795,0.0,0,0.0,28,0.0353
WO2017117418-A1,0,1,1,0.05476740983232111,0.3467372134038795,0.0,0,0.0,28,0.0353
WO2019006132-A1,0,1,1,0.05476740983232111,0.3467372134038795,0.0,0,0.0,28,0.0353
WO2021222816-A1,0,1,1,0.05476740983232111,0.3467372134038795,0.0,0,0.0,28,0.0353
WO2021222849-A2,0,1,1,0.05476740983232111,0.3467372134038795,0.0,0,0.0,28,0.0353
CN111040997-A,0,1,1,0.05476740983232111,0.3467372134038795,0.0,0,0.0,28,0.0353
US20170191030-A1,0,1,1,0.05476740983232111,0.3467372134038795,0.0,0,0.0,28,0.0353
US20170275630-A1,0,1,1,0.05476740983232111,0.3467372134038795,0.0,0,0.0,28,0.0353
CN109661460-A,0,1,1,0.05476740983232111,1.0,0.0,0,0.0,2,0.0025
CN114921413-B,1,0,1,0.05476740983232111,1.0,0.0,0,0.0,2,0.0025
CN114181891-A,0,1,1,0.05476740983232111,0.75,0.0,0,0.0,4,0.005
WO2023173763-A1,3,0,3,0.05476740983232111,0.75,0.0,0,0.0,4,0.005
CN114908032-A,0,1,1,0.05476740983232111,0.75,0.0,0,0.0,4,0.005
US20170107483-A1,0,1,1,0.05476740983232111,0.75,0.0,0,0.0,4,0.005
CN111383774-A,0,1,1,0.05476740983232111,0.8333333333333334,0.0,0,0.0,3,0.0038
CN114908152-B,2,0,2,0.05476740983232111,0.8333333333333334,0.0,0,0.0,3,0.0038
WO2021159162-A1,0,1,1,0.05476740983232111,0.8333333333333334,0.0,0,0.0,3,0.0038
CN112760288-A,0,1,1,0.05476740983232111,0.6416666666666667,0.0,0,0.0,5,0.0063
CN112094813-A,0,1,1,0.05476740983232111,0.5753968253968255,0.0,0,0.0,7,0.0088
CN114891748-B,2,0,2,0.05476740983232111,0.5753968253968255,0.0,0,0.0,7,0.0088
CN112522201-A,0,2,2,0.05476740983232111,0.5753968253968255,0.0,0,0.0,7,0.0088
CN114736870-B,4,0,4,0.05476740983232111,0.5753968253968255,0.0,0,0.0,7,0.0088
CN104031148-A,0,1,1,0.05476740983232111,0.6666666666666666,0.0,0,0.0,6,0.0076
CN114853889-A,5,0,5,0.05476740983232111,0.6666666666666666,0.0,0,0.0,6,0.0076
CN108602888-A,0,1,1,0.05476740983232111,0.6666666666666666,0.0,0,0.0,6,0.0076
US20160046723-A1,0,1,1,0.05476740983232111,0.6666666666666666,0.0,0,0.0,6,0.0076
US20180369403-A1,0,1,1,0.05476740983232111,0.6666666666666666,0.0,0,0.0,6,0.0076
WO2006112401-A1,0,1,1,0.05476740983232111,0.6666666666666666,0.0,0,0.0,6,0.0076
CN108085296-A,0,1,1,0.05476740983232111,0.2428891739383885,0.0,0,0.0,77,0.0971
CN110809625-A,0,1,1,0.05476740983232111,0.2428891739383885,0.0,0,0.0,77,0.0971
US20140328808-A1,0,1,1,0.05476740983232111,0.2428891739383885,0.0,0,0.0,77,0.0971
US20180258403-A1,0,1,1,0.05476740983232111,0.2428891739383885,0.0,0,0.0,77,0.0971
CN106421900-A,0,1,1,0.05476740983232111,0.625,0.0,0,0.0,8,0.0101
CN114870080-B,7,0,7,0.05476740983232111,0.625,0.0,0,0.0,8,0.0101
CN109821075-A,0,1,1,0.05476740983232111,0.625,0.0,0,0.0,8,0.0101
CN109897195-A,0,1,1,0.05476740983232111,0.625,0.0,0,0.0,8,0.0101
CN112661983-A,0,1,1,0.05476740983232111,0.625,0.0,0,0.0,8,0.0101
CN113274554-A,0,1,1,0.05476740983232111,0.625,0.0,0,0.0,8,0.0101
CN113621570-A,0,1,1,0.05476740983232111,0.625,0.0,0,0.0,8,0.0101
US20150376248-A1,0,1,1,0.05476740983232111,0.625,0.0,0,0.0,8,0.0101
AU2009312532-A1,0,1,1,0.05476740983232111,0.6111111111111112,0.0,0,0.0,9,0.0113
CN114807038-B,8,0,8,0.05476740983232111,0.6111111111111112,0.0,0,0.0,9,0.0113
CA3099260-A1,0,1,1,0.05476740983232111,0.6111111111111112,0.0,0,0.0,9,0.0113
CN103609519-A,0,1,1,0.05476740983232111,0.6111111111111112,0.0,0,0.0,9,0.0113
CN110291080-A,0,1,1,0.05476740983232111,0.6111111111111112,0.0,0,0.0,9,0.0113
CN114703138-A,0,1,1,0.05476740983232111,0.6111111111111112,0.0,0,0.0,9,0.0113
JP2014000038-A,0,1,1,0.05476740983232111,0.6111111111111112,0.0,0,0.0,9,0.0113
SG142969-A1,0,1,1,0.05476740983232111,0.6111111111111112,0.0,0,0.0,9,0.0113
US20130344490-A1,0,1,1,0.05476740983232111,0.6111111111111112,0.0,0,0.0,9,0.0113
CN1241133-A,0,1,1,0.05476740983232111,0.3467372134038795,0.0,0,0.0,28,0.0353
CN106190980-A,0,1,1,0.05476740983232111,0.3467372134038795,0.0,0,0.0,28,0.0353
CN113943755-A,0,1,1,0.05476740983232111,0.3467372134038795,0.0,0,0.0,28,0.0353
US20060182826-A1,0,1,1,0.05476740983232111,0.3467372134038795,0.0,0,0.0,28,0.0353
WO2022065854-A1,0,1,1,0.05476740983232111,0.3467372134038795,0.0,0,0.0,28,0.0353
CN107217039-A,0,1,1,0.05476740983232111,0.2428891739383885,0.0,0,0.0,77,0.0971
CN111500540-A,0,1,1,0.05476740983232111,0.2428891739383885,0.0,0,0.0,77,0.0971
CN113278588-A,0,1,1,0.05476740983232111,0.2428891739383885,0.0,0,0.0,77,0.0971
JP2021065129-A,0,1,1,0.05476740983232111,0.2428891739383885,0.0,0,0.0,77,0.0971
WO2021113924-A1,0,1,1,0.05476740983232111,0.2428891739383885,0.0,0,0.0,77,0.0971
CN216155885-U,0,1,1,0.05476740983232111,1.0,0.0,0,0.0,2,0.0025
CN114774278-B,1,0,1,0.05476740983232111,1.0,0.0,0,0.0,2,0.0025
CN102302784-A,0,1,1,0.05476740983232111,0.2428891739383885,0.0,0,0.0,77,0.0971
CN109554346-A,0,1,1,0.05476740983232111,0.2428891739383885,0.0,0,0.0,77,0.0971
CN111803519-A,0,1,1,0.05476740983232111,0.2428891739383885,0.0,0,0.0,77,0.0971
US20130236537-A1,0,1,1,0.05476740983232111,0.2428891739383885,0.0,0,0.0,77,0.0971
US20170267977-A1,0,1,1,0.05476740983232111,0.2428891739383885,0.0,0,0.0,77,0.0971
US20210147810-A1,0,2,2,0.05476740983232111,0.2428891739383885,0.0,0,0.0,77,0.0971
US20210355438-A1,0,1,1,0.05476740983232111,0.2428891739383885,0.0,0,0.0,77,0.0971
CN109679915-A,0,1,1,0.05476740983232111,0.5753968253968255,0.0,0,0.0,7,0.0088
CN110317775-A,0,1,1,0.05476740983232111,0.5753968253968255,0.0,0,0.0,7,0.0088
CN113151157-A,0,1,1,0.05476740983232111,0.5753968253968255,0.0,0,0.0,7,0.0088
CN101193859-A,0,1,1,0.05476740983232111,0.5909090909090909,0.0,0,0.0,11,0.0139
CN114702591-B,10,0,10,0.05476740983232111,0.5909090909090909,0.0,0,0.0,11,0.0139
CN102552269-A,0,1,1,0.05476740983232111,0.5909090909090909,0.0,0,0.0,11,0.0139
CN104694570-A,0,1,1,0.05476740983232111,0.5909090909090909,0.0,0,0.0,11,0.0139
CN104825491-A,0,1,1,0.05476740983232111,0.5909090909090909,0.0,0,0.0,11,0.0139
CN105283542-A,0,1,1,0.05476740983232111,0.5909090909090909,0.0,0,0.0,11,0.0139
CN108473961-A,0,1,1,0.05476740983232111,0.5909090909090909,0.0,0,0.0,11,0.0139
CN109294991-A,0,1,1,0.05476740983232111,0.5909090909090909,0.0,0,0.0,11,0.0139
CN110662832-A,0,1,1,0.05476740983232111,0.5909090909090909,0.0,0,0.0,11,0.0139
US20060121040-A1,0,1,1,0.05476740983232111,0.5909090909090909,0.0,0,0.0,11,0.0139
US20110081659-A1,0,1,1,0.05476740983232111,0.5909090909090909,0.0,0,0.0,11,0.0139
CN108251374-A,0,1,1,0.05476740983232111,0.6666666666666666,0.0,0,0.0,6,0.0076
CN114703138-B,5,0,5,0.05476740983232111,0.6666666666666666,0.0,0,0.0,6,0.0076
CN108795851-A,0,1,1,0.05476740983232111,0.6666666666666666,0.0,0,0.0,6,0.0076
CN110699324-A,0,1,1,0.05476740983232111,0.6666666666666666,0.0,0,0.0,6,0.0076
CN114457017-A,0,1,1,0.05476740983232111,0.6666666666666666,0.0,0,0.0,6,0.0076
CN114807038-A,0,1,1,0.05476740983232111,0.6666666666666666,0.0,0,0.0,6,0.0076
CN1778902-A,0,1,1,0.05476740983232111,0.6428571428571429,0.0,0,0.0,7,0.0088
CN114736864-A,6,0,6,0.05476740983232111,0.6428571428571429,0.0,0,0.0,7,0.0088
CN102604894-A,0,1,1,0.05476740983232111,0.6428571428571429,0.0,0,0.0,7,0.0088
CN109072179-A,0,1,1,0.05476740983232111,0.6428571428571429,0.0,0,0.0,7,0.0088
CN109996870-A,0,1,1,0.05476740983232111,0.6428571428571429,0.0,0,0.0,7,0.0088
KR2017006949-A,0,1,1,0.05476740983232111,0.6428571428571429,0.0,0,0.0,7,0.0088
US20190218514-A1,0,1,1,0.05476740983232111,0.6428571428571429,0.0,0,0.0,7,0.0088
US20180143124-A1,0,1,1,0.05476740983232111,0.6428571428571429,0.0,0,0.0,7,0.0088
WO2022136170-A1,6,0,6,0.05476740983232111,0.6428571428571429,0.0,0,0.0,7,0.0088
US20190056302-A1,0,1,1,0.05476740983232111,0.6428571428571429,0.0,0,0.0,7,0.0088
WO2006102396-A2,0,1,1,0.05476740983232111,0.6428571428571429,0.0,0,0.0,7,0.0088
CA2805909-A1,0,1,1,0.05476740983232111,0.6428571428571429,0.0,0,0.0,7,0.0088
DE19913076-A1,0,1,1,0.05476740983232111,0.6428571428571429,0.0,0,0.0,7,0.0088
US10351894-B2,0,1,1,0.05476740983232111,0.6428571428571429,0.0,0,0.0,7,0.0088
CN113151152-A,0,1,1,0.05476740983232111,0.2428891739383885,0.0,0,0.0,77,0.0971
WO2021022440-A1,0,1,1,0.05476740983232111,0.2428891739383885,0.0,0,0.0,77,0.0971
CN109136185-A,0,1,1,0.05476740983232111,0.6666666666666667,0.0,0,0.0,5,0.0063
WO2019058140-A1,0,1,1,0.05476740983232111,0.6666666666666667,0.0,0,0.0,5,0.0063
US20130078226-A1,0,1,1,0.05476740983232111,0.6428571428571429,0.0,0,0.0,7,0.0088
WO2022115492-A1,6,0,6,0.05476740983232111,0.6428571428571429,0.0,0,0.0,7,0.0088
US20140162366-A1,0,1,1,0.05476740983232111,0.6428571428571429,0.0,0,0.0,7,0.0088
US20160215262-A1,0,1,1,0.05476740983232111,0.6428571428571429,0.0,0,0.0,7,0.0088
US20190271005-A1,0,1,1,0.05476740983232111,0.6428571428571429,0.0,0,0.0,7,0.0088
US20200147210-A1,0,1,1,0.05476740983232111,0.6428571428571429,0.0,0,0.0,7,0.0088
WO2019157597-A1,0,1,1,0.05476740983232111,0.6428571428571429,0.0,0,0.0,7,0.0088
