node,networkEfficiency_before,ClusteringCoefficient_before,networkEfficiency_after,ClusteringCoefficient_after,connectivity_after,efficiency_change,clustering_change
US8628801-B2,0.197230574499739,0.28486667362924945,0.1970617386091051,0.2845624048219542,0.99812734082397,0.00016883589063387827,0.0003042688072952271
US7465794-B2,0.197230574499739,0.28486667362924945,0.19708280185841937,0.28508065436141106,0.99812734082397,0.00014777264131962675,-0.00021398073216161162
US7332169-B2,0.197230574499739,0.28486667362924945,0.19710656189730894,0.28543178770955363,0.99812734082397,0.00012401260243005696,-0.0005651140803041854
US8415322-B2,0.197230574499739,0.28486667362924945,0.1977895166813982,0.28211554583587567,0.9962546816479401,-0.0005589421816591944,0.0027511277933737754
US6060308-A,0.197230574499739,0.28486667362924945,0.19624561071966767,0.2853944320627538,0.99812734082397,0.0009849637800713185,-0.0005277584335043328
US8163530-B2,0.197230574499739,0.28486667362924945,0.1972514393434961,0.2854275915236806,0.99812734082397,-2.0864843757101292e-05,-0.0005609178944311344
US6517842-B1,0.197230574499739,0.28486667362924945,0.19733929423869118,0.28546183238123013,0.99812734082397,-0.00010871973895218434,-0.0005951587519806845
CN103052400-A,0.197230574499739,0.28486667362924945,0.19726442341976924,0.2856512890269279,0.99812734082397,-3.384892003024942e-05,-0.0007846153976784342
US8617533-B2,0.197230574499739,0.28486667362924945,0.1973225251072581,0.2859472665906824,0.9943820224719101,-9.19506075190979e-05,-0.0010805929614329801
EP1185615-B1,0.197230574499739,0.28486667362924945,0.19726175553932757,0.2854916925258679,0.99812734082397,-3.1181039588573656e-05,-0.0006250188966184789
EP780475-A1,0.197230574499739,0.28486667362924945,0.19633056682126004,0.28688418007155986,0.9962546816479401,0.0009000076784789479,-0.0020175064423104128
US11433142-B2,0.197230574499739,0.28486667362924945,0.19719841153757256,0.28500749986814866,0.99812734082397,3.216296216643211e-05,-0.00014082623889921653
US7531180-B2,0.197230574499739,0.28486667362924945,0.1973587668984892,0.2854011326792105,0.99812734082397,-0.00012819239875019872,-0.000534459049961078
US9255126-B2,0.197230574499739,0.28486667362924945,0.19716099977696208,0.2861017017017308,0.9962546816479401,6.957472277691057e-05,-0.0012350280724813811
WO2003070909-A3,0.197230574499739,0.28486667362924945,0.197363356678467,0.2854011326792105,0.99812734082397,-0.00013278217872800258,-0.000534459049961078
US7312064-B2,0.197230574499739,0.28486667362924945,0.19718917163444927,0.2842901931524132,0.99812734082397,4.14028652897247e-05,0.0005764804768362275
WO2008153541-A1,0.197230574499739,0.28486667362924945,0.19726390552155199,0.2842548118330773,0.99812734082397,-3.333102181299341e-05,0.0006118617961721196
US7993924-B2,0.197230574499739,0.28486667362924945,0.19707456743335053,0.2845559420322416,0.99812734082397,0.00015600706638846384,0.0003107315970078406
US9011835-B2,0.197230574499739,0.28486667362924945,0.19731504806835742,0.28419502171700206,0.99812734082397,-8.44735686184317e-05,0.0006716519122473841
US7338759-B1,0.197230574499739,0.28486667362924945,0.19693595232209776,0.2845255854621999,0.99812734082397,0.00029462217764122944,0.00034108816704953027
US8569472-B2,0.197230574499739,0.28486667362924945,0.19754872580885713,0.2854011326792105,0.99812734082397,-0.0003181513091181365,-0.000534459049961078
US9650634-B2,0.197230574499739,0.28486667362924945,0.19724063609629514,0.284708222516907,0.99812734082397,-1.006159655614347e-05,0.00015845111234247256
US5993824-A,0.197230574499739,0.28486667362924945,0.19708435246055722,0.28464087979193303,0.99812734082397,0.00014622203918177035,0.00022579383731641256
US6866853-B2,0.197230574499739,0.28486667362924945,0.1971890544908051,0.28330268911735235,0.99812734082397,4.152000893389851e-05,0.0015639845118970985
US6296854-B1,0.197230574499739,0.28486667362924945,0.19677240153283948,0.2849029540052474,0.9925093632958801,0.0004581729668995116,-3.628037599795464e-05
US6448073-B1,0.197230574499739,0.28486667362924945,0.19745421721741319,0.2855887499399985,0.99812734082397,-0.00022364271767419397,-0.0007220763107490535
US5871962-A,0.197230574499739,0.28486667362924945,0.19761546391429524,0.2854011326792105,0.99812734082397,-0.0003848894145562498,-0.000534459049961078
US5690937-A,0.197230574499739,0.28486667362924945,0.19723624617492233,0.28564716557064673,0.99812734082397,-5.671675183338554e-06,-0.0007804919413972877
WO2003002604-A3,0.197230574499739,0.28486667362924945,0.1971173559648327,0.28541397670793656,0.99812734082397,0.0001132185349062842,-0.0005473030786871114
WO2012159754-A3,0.197230574499739,0.28486667362924945,0.19793831852370664,0.28836745068483577,0.9868913857677902,-0.0007077440239676436,-0.003500777055586324
US7192593-B2,0.197230574499739,0.28486667362924945,0.19718742831780534,0.284446193309637,0.99812734082397,4.314618193365649e-05,0.00042048031961244847
US6432925-B1,0.197230574499739,0.28486667362924945,0.19752922046372418,0.2865433484062777,0.9943820224719101,-0.0002986459639851835,-0.0016766747770282642
US7785603-B2,0.197230574499739,0.28486667362924945,0.1971888838153536,0.2845441410154646,0.99812734082397,4.1690684385392585e-05,0.00032253261378484277
US7384774-B2,0.197230574499739,0.28486667362924945,0.1970593105159299,0.2844233787166749,0.99812734082397,0.00017126398380909458,0.00044329491257455444
US7659103-B2,0.197230574499739,0.28486667362924945,0.19752745118230206,0.2854011326792105,0.99812734082397,-0.0002968766825630631,-0.000534459049961078
US7939318-B2,0.197230574499739,0.28486667362924945,0.19881073838421642,0.2863215308914651,0.9831460674157303,-0.0015801638844774313,-0.0014548572622156697
US6544785-B1,0.197230574499739,0.28486667362924945,0.1961932094057179,0.2841255916772573,0.99812734082397,0.001037365094021081,0.0007410819519921286
US7537768-B2,0.197230574499739,0.28486667362924945,0.19698784189292476,0.28738451515039776,0.99812734082397,0.00024273260681423325,-0.002517841521148312
US5869253-A,0.197230574499739,0.28486667362924945,0.19753719142677548,0.2841503509406239,0.99812734082397,-0.0003066169270364849,0.0007163226886255369
WO2003028656-A3,0.197230574499739,0.28486667362924945,0.19569385965436764,0.28603162998972576,0.9962546816479401,0.0015367148453713508,-0.0011649563604763102
US11376335-B2,0.197230574499739,0.28486667362924945,0.19719841153757287,0.28500749986814866,0.99812734082397,3.2162962166126796e-05,-0.00014082623889921653
US6228423-B1,0.197230574499739,0.28486667362924945,0.19737671551653815,0.2854011326792105,0.99812734082397,-0.0001461410167991617,-0.000534459049961078
CN110167587-A,0.197230574499739,0.28486667362924945,0.1974719134490227,0.2854011326792105,0.99812734082397,-0.0002413389492837148,-0.000534459049961078
EP3473267-A1,0.197230574499739,0.28486667362924945,0.19739585148377572,0.2854011326792105,0.99812734082397,-0.00016527698403673297,-0.000534459049961078
US9474798-B2,0.197230574499739,0.28486667362924945,0.19721708476294947,0.28344351012937,0.99812734082397,1.3489736789523699e-05,0.0014231634998794207
US7588768-B2,0.197230574499739,0.28486667362924945,0.19641707014326895,0.2821336286226103,0.99812734082397,0.0008135043564700406,0.002733045006639123
US8513403-B2,0.197230574499739,0.28486667362924945,0.19764448401385415,0.2859376009737203,0.9962546816479401,-0.0004139095141151572,-0.00107092734447084
US9476033-B2,0.197230574499739,0.28486667362924945,0.19718141063803027,0.2854140959633359,0.99812734082397,4.916386170872311e-05,-0.0005474223340864448
US9439968-B2,0.197230574499739,0.28486667362924945,0.19722626350084516,0.28515246535737243,0.99812734082397,4.3109988938361266e-06,-0.00028579172812298603
EP1832603-A2,0.197230574499739,0.28486667362924945,0.19724632107637677,0.28550346936691307,0.99812734082397,-1.5746576637776233e-05,-0.0006367957376636202
US9024001-B2,0.197230574499739,0.28486667362924945,0.19737511609965538,0.2857584988902352,0.99812734082397,-0.00014454159991639237,-0.0008918252609857458
US7341729-B2,0.197230574499739,0.28486667362924945,0.19722027365369502,0.2828615990421159,0.99812734082397,1.0300846043975742e-05,0.0020050745871335596
WO2014108515-A1,0.197230574499739,0.28486667362924945,0.19555421200019318,0.2853714443606788,0.99812734082397,0.0016763624995458082,-0.0005047707314293493
US10307472-B2,0.197230574499739,0.28486667362924945,0.19717969810951527,0.28541202166951113,0.99812734082397,5.08763902237197e-05,-0.0005453480402616839
US10155031-B2,0.197230574499739,0.28486667362924945,0.19728151114457632,0.2856512890269278,0.99812734082397,-5.093664483732385e-05,-0.0007846153976783787
US7049428-B1,0.197230574499739,0.28486667362924945,0.19744837137364646,0.2860890626354331,0.99812734082397,-0.0002177968739074665,-0.001222389006183655
US7307066-B2,0.197230574499739,0.28486667362924945,0.19753389989588455,0.28552621085306923,0.99812734082397,-0.000303325396145554,-0.0006595372238197839
US7547442-B2,0.197230574499739,0.28486667362924945,0.19710656189730935,0.28543178770955363,0.99812734082397,0.00012401260242964063,-0.0005651140803041854
US10119124-B2,0.197230574499739,0.28486667362924945,0.19698995325787041,0.2895702600055337,0.99812734082397,0.00024062124186857714,-0.004703586376284263
US10383937-B2,0.197230574499739,0.28486667362924945,0.19687535567240402,0.2862296207623867,0.99812734082397,0.0003552188273349688,-0.0013629471331372822
US7879339-B2,0.197230574499739,0.28486667362924945,0.19751150588118477,0.28427542911448256,0.99812734082397,-0.0002809313814457759,0.0005912445147668866
US9567653-B2,0.197230574499739,0.28486667362924945,0.19686025498565535,0.28548085500964354,0.99812734082397,0.0003703195140836446,-0.0006141813803940965
WO2007024323-A3,0.197230574499739,0.28486667362924945,0.19711735596483299,0.28541397670793656,0.99812734082397,0.00011321853490600664,-0.0005473030786871114
US6630343-B1,0.197230574499739,0.28486667362924945,0.19733893515318543,0.28618822754013634,0.9962546816479401,-0.00010836065344643764,-0.0013215539108868968
US9872900-B2,0.197230574499739,0.28486667362924945,0.19667777425347635,0.2849425392420561,0.99812734082397,0.0005528002462626413,-7.586561280664705e-05
US7862829-B2,0.197230574499739,0.28486667362924945,0.1971977488000963,0.28345003872776925,0.99812734082397,3.282569964269122e-05,0.001416634901480196
US7494808-B2,0.197230574499739,0.28486667362924945,0.19717741657801208,0.28331460132438646,0.99812734082397,5.3157921726915136e-05,0.0015520723048629836
US9795668-B2,0.197230574499739,0.28486667362924945,0.1972603548653969,0.28561555240582537,0.99812734082397,-2.9780365657899877e-05,-0.0007488787765759231
US8188263-B2,0.197230574499739,0.28486667362924945,0.1974754428098924,0.2854011326792105,0.99812734082397,-0.00024486831015341215,-0.000534459049961078
US8969353-B2,0.197230574499739,0.28486667362924945,0.1972192102203642,0.28178131076670565,0.99812734082397,1.1364279374787012e-05,0.0030853628625437945
WO2013006842-A3,0.197230574499739,0.28486667362924945,0.19711735596483299,0.28541397670793656,0.99812734082397,0.00011321853490600664,-0.0005473030786871114
US10064935-B2,0.197230574499739,0.28486667362924945,0.19676828528538973,0.282507504999193,0.99812734082397,0.0004622892143492652,0.0023591686300564185
WO2003051401-A3,0.197230574499739,0.28486667362924945,0.19726605881159237,0.284622572250597,0.99812734082397,-3.548431185337875e-05,0.0002441013786524393
US11458209-B2,0.197230574499739,0.28486667362924945,0.19719488489733247,0.28567137632939843,0.99812734082397,3.568960240651897e-05,-0.0008047027001489848
US8877448-B2,0.197230574499739,0.28486667362924945,0.19704990614195586,0.28518931592726504,0.99812734082397,0.0001806683577831314,-0.0003226422980155963
WO2005003147-A3,0.197230574499739,0.28486667362924945,0.1975407180670159,0.28602652354850383,0.99812734082397,-0.00031014356727690484,-0.0011598499192543854
US6169175-B1,0.197230574499739,0.28486667362924945,0.19722061140318983,0.28435375060809076,0.99812734082397,9.963096549159278e-06,0.0005129230211586844
US10568972-B2,0.197230574499739,0.28486667362924945,0.19723610755983648,0.28599525400503917,0.99812734082397,-5.5330600974845545e-06,-0.0011285803757897228
US7132106-B2,0.197230574499739,0.28486667362924945,0.19724910416274852,0.2846445357218631,0.99812734082397,-1.852966300952552e-05,0.00022213790738634387
US7544362-B1,0.197230574499739,0.28486667362924945,0.19739192990210555,0.28553291146952586,0.99812734082397,-0.00016135540236655865,-0.000666237840276418
US9701944-B2,0.197230574499739,0.28486667362924945,0.19713544676023045,0.2832202353046259,0.99812734082397,9.512773950853814e-05,0.0016464383246235226
US10086013-B2,0.197230574499739,0.28486667362924945,0.19722743904759227,0.2847057575935915,0.99812734082397,3.1354521467241714e-06,0.000160916035657932
US9005629-B2,0.197230574499739,0.28486667362924945,0.1973698943311844,0.2854011326792105,0.99812734082397,-0.00013931983144541138,-0.000534459049961078
US8481705-B2,0.197230574499739,0.28486667362924945,0.19726203517696303,0.2845773525402334,0.99812734082397,-3.146067722403778e-05,0.0002893210890160258
US10799463-B2,0.197230574499739,0.28486667362924945,0.19711408911533443,0.28413606335475633,0.99812734082397,0.00011648538440456324,0.0007306102744931153
US10022435-B2,0.197230574499739,0.28486667362924945,0.19696460155295592,0.28573324687132445,0.99812734082397,0.0002659729467830718,-0.0008665732420750083
US6827937-B2,0.197230574499739,0.28486667362924945,0.1973831968385265,0.2870271489393731,0.99812734082397,-0.00015262233878751696,-0.002160475310123644
US7425337-B2,0.197230574499739,0.28486667362924945,0.19712783175787044,0.2849024278969823,0.99812734082397,0.00010274274186855559,-3.5754267732834855e-05
WO2005113782-A1,0.197230574499739,0.28486667362924945,0.19635695652674948,0.2856512890269278,0.99812734082397,0.0008736179729895155,-0.0007846153976783787
US8492132-B2,0.197230574499739,0.28486667362924945,0.1972549818964824,0.28362063779365,0.99812734082397,-2.4407396743419962e-05,0.0012460358355994572
US10532067-B2,0.197230574499739,0.28486667362924945,0.19722383168882363,0.28305368338054165,0.99812734082397,6.742810915366659e-06,0.001812990248707791
US11364292-B2,0.197230574499739,0.28486667362924945,0.196863941673277,0.2844187077685506,0.99812734082397,0.0003666328264619878,0.00044796586069884015
US6426196-B1,0.197230574499739,0.28486667362924945,0.1973694431558936,0.2849951952872324,0.9962546816479401,-0.00013886865615461708,-0.00012852165798293846
US10967057-B2,0.197230574499739,0.28486667362924945,0.19719079633948372,0.2854887085886316,0.99812734082397,3.977816025527159e-05,-0.0006220349593821783
US9186325-B2,0.197230574499739,0.28486667362924945,0.19720699318540735,0.28419948879463985,0.99812734082397,2.3581314331638792e-05,0.000667184834609591
US6713066-B1,0.197230574499739,0.28486667362924945,0.19734599401351421,0.2856512890269279,0.99812734082397,-0.0001154195137752223,-0.0007846153976784342
US5877159-A,0.197230574499739,0.28486667362924945,0.19820525616997184,0.28805413460435575,0.9775280898876404,-0.0009746816702328465,-0.0031874609751063043
US6800288-B2,0.197230574499739,0.28486667362924945,0.19484561223809974,0.28599430644311596,0.99812734082397,0.0023849622616392563,-0.0011276328138665193
EP1392341-B1,0.197230574499739,0.28486667362924945,0.19664843551520728,0.28571829519149494,0.99812734082397,0.000582138984531716,-0.000851621562245497
EP1800697-A2,0.197230574499739,0.28486667362924945,0.19724632107637696,0.28550346936691307,0.99812734082397,-1.5746576637970522e-05,-0.0006367957376636202
US9914937-B2,0.197230574499739,0.28486667362924945,0.19713544676023045,0.2832202353046259,0.99812734082397,9.512773950853814e-05,0.0016464383246235226
US10442756-B2,0.197230574499739,0.28486667362924945,0.19707555968014254,0.28545127930411857,0.99812734082397,0.00015501481959645513,-0.0005846056748691209
US7429572-B2,0.197230574499739,0.28486667362924945,0.19747514025242283,0.2815862483765213,0.99812734082397,-0.00024456575268383407,0.0032804252527281474
US10912826-B2,0.197230574499739,0.28486667362924945,0.19717335015708276,0.2834053880990325,0.99812734082397,5.722434265623133e-05,0.0014612855302169603
US11241493-B2,0.197230574499739,0.28486667362924945,0.197848436580676,0.28726818311575947,0.9925093632958801,-0.0006178620809370039,-0.002401509486510023
CN104302316-A,0.197230574499739,0.28486667362924945,0.1973931054488523,0.2855220873967881,0.99812734082397,-0.00016253094911330979,-0.0006554137675386373
US6468544-B1,0.197230574499739,0.28486667362924945,0.1974155685453617,0.28568800998031785,0.9943820224719101,-0.0001849940456227217,-0.0008213363510684024
US7935676-B2,0.197230574499739,0.28486667362924945,0.1971265793438433,0.2854011326792105,0.99812734082397,0.00010399515589568087,-0.000534459049961078
US9707292-B2,0.197230574499739,0.28486667362924945,0.1972224348316028,0.28444964514235715,0.99812734082397,8.13966813620337e-06,0.0004170284868922902
US7723500-B2,0.197230574499739,0.28486667362924945,0.1970679499624651,0.281898943811168,0.99812734082397,0.00016262453727389214,0.002967729818081466
US5874565-A,0.197230574499739,0.28486667362924945,0.1967069915311071,0.28496335907070514,0.99812734082397,0.0005235829686318916,-9.668544145569058e-05
US8420373-B2,0.197230574499739,0.28486667362924945,0.19728672165864555,0.2858881795077207,0.99812734082397,-5.614715890656097e-05,-0.0010215058784712738
WO2004000221-A3,0.197230574499739,0.28486667362924945,0.1975324604676651,0.2866519144177971,0.99812734082397,-0.0003018859679261021,-0.0017852407885476373
US8734846-B2,0.197230574499739,0.28486667362924945,0.19708314755450101,0.2860408461903407,0.99812734082397,0.00014742694523797728,-0.001174172561091258
US10130697-B2,0.197230574499739,0.28486667362924945,0.19699935763184442,0.2873257741979514,0.99812734082397,0.00023121686789456808,-0.0024591005687019662
US11026964-B2,0.197230574499739,0.28486667362924945,0.19710124700110834,0.28254890360746926,0.99812734082397,0.00012932749863064918,0.0023177700217801855
US9944903-B2,0.197230574499739,0.28486667362924945,0.1970311105470945,0.28582736895443034,0.9906367041198502,0.0001994639526445019,-0.0009606953251808936
US10493143-B2,0.197230574499739,0.28486667362924945,0.1968627661265303,0.28343358552391207,0.99812734082397,0.0003678083732086834,0.0014330881053373767
WO2005028658-A3,0.197230574499739,0.28486667362924945,0.19725235116535353,0.2856793097866559,0.99812734082397,-2.177666561453684e-05,-0.0008126361574064545
US7618797-B2,0.197230574499739,0.28486667362924945,0.19725145525624205,0.28354492655471175,0.99812734082397,-2.0880756503055542e-05,0.0013217470745376936
US6811784-B2,0.197230574499739,0.28486667362924945,0.1972238002939355,0.2838800927435364,0.99812734082397,6.7742058035002994e-06,0.0009865808857130176
US7452541-B2,0.197230574499739,0.28486667362924945,0.19728576264659206,0.2835334422788687,0.99812734082397,-5.518814685306905e-05,0.0013332313503807702
US8802644-B2,0.197230574499739,0.28486667362924945,0.19714723393575256,0.28497810590493167,0.99812734082397,8.33405639864282e-05,-0.00011143227568222169
US9012214-B2,0.197230574499739,0.28486667362924945,0.19713897340047085,0.28438645311359845,0.99812734082397,9.160109926814597e-05,0.00048022051565099755
WO2008073148-A3,0.197230574499739,0.28486667362924945,0.19741762692545917,0.2839411428045865,0.99812734082397,-0.00018705242572017444,0.0009255308246629568
US10370446-B2,0.197230574499739,0.28486667362924945,0.19752732843435808,0.28217820247747977,0.9962546816479401,-0.0002967539346190873,0.002688471151769678
CN109477074-A,0.197230574499739,0.28486667362924945,0.1972417712446325,0.28543961827116704,0.99812734082397,-1.1196744893499089e-05,-0.0005729446419175943
US8629151-B2,0.197230574499739,0.28486667362924945,0.19740729983329436,0.28064816207258136,0.99812734082397,-0.00017672533355536646,0.004218511556668081
US9890363-B2,0.197230574499739,0.28486667362924945,0.19698407552413646,0.2831949367130273,0.99812734082397,0.0002464989756025271,0.001671736916222133
US7105574-B1,0.197230574499739,0.28486667362924945,0.19723819164019912,0.28427542911448256,0.99812734082397,-7.617140460131067e-06,0.0005912445147668866
US7084266-B1,0.197230574499739,0.28486667362924945,0.19878451223047788,0.28787423513173127,0.9906367041198502,-0.0015539377307388913,-0.003007561502481826
US10201618-B2,0.197230574499739,0.28486667362924945,0.19722743904759227,0.28470575759359146,0.99812734082397,3.1354521467241714e-06,0.0001609160356579875
WO2007126810-A2,0.197230574499739,0.28486667362924945,0.19722061140318983,0.28454583494651653,0.99812734082397,9.963096549159278e-06,0.0003208386827329157
WO2003024481-A3,0.197230574499739,0.28486667362924945,0.19753925761753105,0.2854011326792105,0.99812734082397,-0.0003086831177920579,-0.000534459049961078
US9868693-B2,0.197230574499739,0.28486667362924945,0.19717747016853787,0.2839949403724554,0.99812734082397,5.310433120112035e-05,0.0008717332567940717
EP1083232-B1,0.197230574499739,0.28486667362924945,0.20981021417003357,0.2998080336779637,0.9194756554307116,-0.012579639670294573,-0.01494136004871427
US10738355-B2,0.197230574499739,0.28486667362924945,0.19761903309377515,0.2867271884206262,0.9943820224719101,-0.0003884585940361618,-0.0018605147913767772
US7439347-B2,0.197230574499739,0.28486667362924945,0.19753037325564352,0.28146117020266265,0.99812734082397,-0.00029979875590452343,0.003405503426586798
WO2007044483-A3,0.197230574499739,0.28486667362924945,0.19727036272976145,0.2857763672007865,0.99812734082397,-3.978823002245835e-05,-0.0009096935715370291
US6037456-A,0.197230574499739,0.28486667362924945,0.19736554782244364,0.28515097633149317,0.99812734082397,-0.00013497332270465123,-0.00028430270224372167
US7267823-B2,0.197230574499739,0.28486667362924945,0.19735637579804322,0.2855078170039723,0.99812734082397,-0.00012580129830422337,-0.0006411433747228745
US8293248-B2,0.197230574499739,0.28486667362924945,0.19750797924094418,0.2823992565066027,0.99812734082397,-0.00027740474120518943,0.0024674171226467534
US9005602-B2,0.197230574499739,0.28486667362924945,0.19738823825678964,0.283723203562257,0.99812734082397,-0.00015766375705064672,0.001143470066992447
CN1826407-B,0.197230574499739,0.28486667362924945,0.19722884023041737,0.2845776855224572,0.99812734082397,1.7342693216237937e-06,0.00028898810679223175
US6150170-A,0.197230574499739,0.28486667362924945,0.19727141594605274,0.2854011326792105,0.99812734082397,-4.084144631374964e-05,-0.000534459049961078
US9005925-B2,0.197230574499739,0.28486667362924945,0.19713897340047085,0.28438645311359845,0.99812734082397,9.160109926814597e-05,0.00048022051565099755
WO2008021157-A1,0.197230574499739,0.28486667362924945,0.19755362077885563,0.2854011326792105,0.99812734082397,-0.00032304627911663997,-0.000534459049961078
US7691389-B2,0.197230574499739,0.28486667362924945,0.19725145525624205,0.28354492655471175,0.99812734082397,-2.0880756503055542e-05,0.0013217470745376936
US9101572-B2,0.197230574499739,0.28486667362924945,0.19769907019071187,0.28311805210153984,0.9962546816479401,-0.00046849569097287547,0.001748621527709604
US9950059-B2,0.197230574499739,0.28486667362924945,0.19718141063803013,0.2854140959633359,0.99812734082397,4.916386170886189e-05,-0.0005474223340864448
US11103578-B2,0.197230574499739,0.28486667362924945,0.1966576164256885,0.284751251923004,0.99812734082397,0.0005729580740505003,0.00011542170624545545
WO2008156655-A3,0.197230574499739,0.28486667362924945,0.19739971033438758,0.2855982255592302,0.99812734082397,-0.00016913583464858717,-0.000731551929980756
US7384923-B2,0.197230574499739,0.28486667362924945,0.1971951337468386,0.2840699435431433,0.99812734082397,3.5440752900378625e-05,0.0007967300861061455
US11351243-B2,0.197230574499739,0.28486667362924945,0.19726438627045667,0.2845637482583364,0.99812734082397,-3.3811770717678824e-05,0.00030292537091303195
WO2005049846-A3,0.197230574499739,0.28486667362924945,0.19740441252137467,0.2855982255592302,0.99812734082397,-0.00017383802163567497,-0.000731551929980756
US8425898-B2,0.197230574499739,0.28486667362924945,0.19709195804836552,0.285555915168503,0.99812734082397,0.00013861645137347445,-0.0006892415392535378
EP780475-B1,0.197230574499739,0.28486667362924945,0.19718356259711478,0.2853237033334885,0.99812734082397,4.7011902624211066e-05,-0.00045702970423905365
US8865153-B2,0.197230574499739,0.28486667362924945,0.19727193439231028,0.2863736696273572,0.99812734082397,-4.135989257128547e-05,-0.001506995998107774
US8278093-B2,0.197230574499739,0.28486667362924945,0.19724114841624382,0.28369470902156735,0.99812734082397,-1.0573916504830194e-05,0.0011719646076820966
US10166283-B2,0.197230574499739,0.28486667362924945,0.19717335015708268,0.2834053880990325,0.99812734082397,5.72243426563146e-05,0.0014612855302169603
US9566324-B2,0.197230574499739,0.28486667362924945,0.19700272792397644,0.28389881535382444,0.99812734082397,0.00022784657576255252,0.0009678582754250042
US7541038-B2,0.197230574499739,0.28486667362924945,0.197063340237723,0.28495969714507,0.99812734082397,0.00016723426201598057,-9.302351582057833e-05
US5840520-A,0.197230574499739,0.28486667362924945,0.19681649470017945,0.28567164221016733,0.99812734082397,0.00041407979955954133,-0.0008049685809178864
EP2338510-A1,0.197230574499739,0.28486667362924945,0.19718588916579877,0.2854171800988772,0.99812734082397,4.4685333940225336e-05,-0.0005505064696277318
EP2332573-A1,0.197230574499739,0.28486667362924945,0.19727908203361136,0.2854011326792105,0.99812734082397,-4.850753387236617e-05,-0.000534459049961078
US9101653-B2,0.197230574499739,0.28486667362924945,0.19744191706222233,0.2825243346804613,0.99812734082397,-0.00021134256248334093,0.0023423389487881585
US11207398-B2,0.197230574499739,0.28486667362924945,0.1968809982967889,0.28447781412897905,0.99812734082397,0.0003495762029500915,0.00038885950027039984
US9623095-B2,0.197230574499739,0.28486667362924945,0.19664389795565232,0.28536009479255137,0.99812734082397,0.0005866765440866728,-0.0004934211633019214
US9005961-B2,0.197230574499739,0.28486667362924945,0.1971389734004714,0.28438645311359845,0.99812734082397,9.160109926759086e-05,0.00048022051565099755
US5716821-A,0.197230574499739,0.28486667362924945,0.19552954916401605,0.2842755320208483,0.9962546816479401,0.0017010253357229443,0.0005911416084011245
US8475806-B2,0.197230574499739,0.28486667362924945,0.19704720238443832,0.2841780437739383,0.99812734082397,0.00018337211530067288,0.0006886298553111514
US8852611-B2,0.197230574499739,0.28486667362924945,0.19744253212018006,0.28621414080929186,0.99812734082397,-0.00021195762044107225,-0.0013474671800424165
US10369216-B2,0.197230574499739,0.28486667362924945,0.19749485745975523,0.2876349943193221,0.9925093632958801,-0.00026428296001623774,-0.0027683206900726565
EP2590676-B1,0.197230574499739,0.28486667362924945,0.19724428620221837,0.28546813884377764,0.99812734082397,-1.3711702479379806e-05,-0.0006014652145281962
US8604179-B2,0.197230574499739,0.28486667362924945,0.19762509588336372,0.2854011326792105,0.99812734082397,-0.0003945213836247241,-0.000534459049961078
US7354909-B2,0.197230574499739,0.28486667362924945,0.1970891716012229,0.2825868737673906,0.99812734082397,0.0001414028985160798,0.0022797998618588333
US7566454-B2,0.197230574499739,0.28486667362924945,0.1971451963213918,0.28544626958542907,0.99812734082397,8.537817834719519e-05,-0.0005795959561796238
WO2005028658-A2,0.197230574499739,0.28486667362924945,0.19724952985316188,0.2828370301151079,0.99812734082397,-1.8955353422889232e-05,0.0020296435141415325
US8772022-B2,0.197230574499739,0.28486667362924945,0.19754872580885807,0.2854011326792105,0.99812734082397,-0.0003181513091190802,-0.000534459049961078
US10857105-B2,0.197230574499739,0.28486667362924945,0.1970160042428136,0.28580125706265974,0.99812734082397,0.0002145702569253949,-0.0009345834334102965
US7863041-B2,0.197230574499739,0.28486667362924945,0.19722210134899454,0.2854141278141568,0.99812734082397,8.47315074445354e-06,-0.00054745418490737
US6261570-B1,0.197230574499739,0.28486667362924945,0.1969878121813013,0.2850484154020412,0.99812734082397,0.00024276231843770035,-0.00018174177279173254
US7744900-B2,0.197230574499739,0.28486667362924945,0.19727908203361136,0.2854011326792105,0.99812734082397,-4.850753387236617e-05,-0.000534459049961078
US6280940-B1,0.197230574499739,0.28486667362924945,0.19749606498451575,0.2854011326792105,0.99812734082397,-0.00026549048477675363,-0.000534459049961078
US6923971-B2,0.197230574499739,0.28486667362924945,0.1972343126295267,0.284250386406513,0.99812734082397,-3.738129787711486e-06,0.0006162872227364335
US9556110-B2,0.197230574499739,0.28486667362924945,0.19722979014108563,0.28435583651196306,0.99812734082397,7.843586533606839e-07,0.000510837117286389
US6932971-B2,0.197230574499739,0.28486667362924945,0.1972641745702637,0.2846962514078462,0.99812734082397,-3.3600070524719694e-05,0.0001704222214032325
US7279165-B2,0.197230574499739,0.28486667362924945,0.19726660123461962,0.28282386140603055,0.99812734082397,-3.6026734880623135e-05,0.0020428122232188928
US10246686-B2,0.197230574499739,0.28486667362924945,0.19697232005666881,0.2826246178891804,0.99812734082397,0.0002582544430701772,0.0022420557400690266
WO2003097090-A1,0.197230574499739,0.28486667362924945,0.19715672135742715,0.28540582929048186,0.99812734082397,7.385314231184159e-05,-0.0005391556612324155
US8106173-B2,0.197230574499739,0.28486667362924945,0.19728725427566332,0.2854011326792105,0.99812734082397,-5.667977592432871e-05,-0.000534459049961078
US7507411-B2,0.197230574499739,0.28486667362924945,0.19734555268183257,0.28515162711321224,0.9962546816479401,-0.00011497818209357802,-0.00028495348396279097
US8574593-B2,0.197230574499739,0.28486667362924945,0.1970184014891424,0.2842868110705779,0.99812734082397,0.0002121730105965891,0.00057986255867154
US7731951-B2,0.197230574499739,0.28486667362924945,0.1975031564010116,0.2854011326792105,0.99812734082397,-0.00027258190127260606,-0.000534459049961078
US7785873-B2,0.197230574499739,0.28486667362924945,0.19728928928683262,0.28353722488493294,0.99812734082397,-5.871478709362776e-05,0.0013294487443165082
US10117941-B2,0.197230574499739,0.28486667362924945,0.19744404003447122,0.2874413603722165,0.9962546816479401,-0.00021346553473222674,-0.0025746867429670695
EP2039773-A1,0.197230574499739,0.28486667362924945,0.1973399347413844,0.28577636720078653,0.99812734082397,-0.00010936024164540092,-0.0009096935715370846
US8124747-B2,0.197230574499739,0.28486667362924945,0.19867357818970158,0.2870166107887155,0.9925093632958801,-0.0014430036899625853,-0.002149937159466042
US7153510-B1,0.197230574499739,0.28486667362924945,0.1972187394340525,0.28542200222990993,0.99812734082397,1.1835065686499613e-05,-0.0005553286006604874
US7628993-B2,0.197230574499739,0.28486667362924945,0.19750797924094493,0.2823992565066027,0.99812734082397,-0.00027740474120593883,0.0024674171226467534
US7776523-B2,0.197230574499739,0.28486667362924945,0.1970617386091054,0.2845624048219542,0.99812734082397,0.00016883589063360072,0.0003042688072952271
US7803397-B2,0.197230574499739,0.28486667362924945,0.19728569273229,0.2855262108530692,0.99812734082397,-5.5118232550999124e-05,-0.0006595372238197283
US5514539-A,0.197230574499739,0.28486667362924945,0.1983616043644656,0.28647608986444295,0.9943820224719101,-0.0011310298647266015,-0.001609416235193506
US9895443-B2,0.197230574499739,0.28486667362924945,0.19744901445995833,0.28565426707868635,0.99812734082397,-0.00021843996021933543,-0.0007875934494369075
US11534497-B2,0.197230574499739,0.28486667362924945,0.19719488489733245,0.28567137632939843,0.99812734082397,3.568960240654673e-05,-0.0008047027001489848
US8828961-B2,0.197230574499739,0.28486667362924945,0.19724063609629544,0.284708222516907,0.99812734082397,-1.0061596556448782e-05,0.00015845111234247256
US10064934-B2,0.197230574499739,0.28486667362924945,0.19645219243060927,0.2820145173989471,0.99812734082397,0.0007783820691297239,0.0028521562303023273
US8999380-B2,0.197230574499739,0.28486667362924945,0.19186015875074425,0.29062847479491016,0.9812734082397003,0.005370415748994745,-0.005761801165660718
US6033895-A,0.197230574499739,0.28486667362924945,0.19736554782244284,0.28515097633149317,0.99812734082397,-0.00013497332270384632,-0.00028430270224372167
US5851759-A,0.197230574499739,0.28486667362924945,0.1976154639142963,0.2854011326792105,0.99812734082397,-0.0003848894145573045,-0.000534459049961078
US9968672-B2,0.197230574499739,0.28486667362924945,0.1975017000226851,0.2866519144177971,0.99812734082397,-0.00027112552294611403,-0.0017852407885476373
US8017590-B1,0.197230574499739,0.28486667362924945,0.20968018565433666,0.2971236878479127,0.9288389513108615,-0.012449611154597667,-0.012257014218663265
US7534772-B2,0.197230574499739,0.28486667362924945,0.19734338078053348,0.28365003824518925,0.99812734082397,-0.00011280628079449184,0.001216635384060194
US6669943-B1,0.197230574499739,0.28486667362924945,0.19718016511826306,0.28387298602911265,0.99812734082397,5.040938147593543e-05,0.0009936876001367945
US8618275-B2,0.197230574499739,0.28486667362924945,0.19754872580885807,0.2854011326792105,0.99812734082397,-0.0003181513091190802,-0.000534459049961078
US10925958-B2,0.197230574499739,0.28486667362924945,0.1968674683135178,0.28336177765099196,0.99812734082397,0.0003631061862211793,0.0015048959782574811
WO2008083174-A3,0.197230574499739,0.28486667362924945,0.19870473792707477,0.285298172772965,0.9868913857677902,-0.0014741634273357784,-0.0004314991437155413
CN102770161-A,0.197230574499739,0.28486667362924945,0.19733759821010766,0.2857138281138572,0.99812734082397,-0.00010702371036866443,-0.0008471544846077594
US10513692-B2,0.197230574499739,0.28486667362924945,0.19734520141002643,0.2864642971570091,0.99812734082397,-0.00011462691028743532,-0.0015976235277596618
US6730306-B1,0.197230574499739,0.28486667362924945,0.1975164065037143,0.28577636720078653,0.99812734082397,-0.00028583200397530595,-0.0009096935715370846
US9192661-B2,0.197230574499739,0.28486667362924945,0.19709573753938348,0.28569403391917525,0.9962546816479401,0.00013483696035551662,-0.0008273602899258048
US9770463-B2,0.197230574499739,0.28486667362924945,0.19691048095439398,0.2845374403990079,0.99812734082397,0.00032009354534501266,0.0003292332302415324
US7238481-B2,0.197230574499739,0.28486667362924945,0.19722732693417647,0.28452335192338096,0.99812734082397,3.2475655625252564e-06,0.0003433217058684823
US11484590-B2,0.197230574499739,0.28486667362924945,0.19685431338563722,0.2847432986933192,0.99812734082397,0.00037626111410177243,0.00012337493593023163
WO2015110656-A1,0.197230574499739,0.28486667362924945,0.19727908203361136,0.2854011326792105,0.99812734082397,-4.850753387236617e-05,-0.000534459049961078
US7731974-B2,0.197230574499739,0.28486667362924945,0.1973399347413844,0.28577636720078653,0.99812734082397,-0.00010936024164540092,-0.0009096935715370846
EP2484770-A1,0.197230574499739,0.28486667362924945,0.197117355964833,0.28541397670793656,0.99812734082397,0.00011321853490597888,-0.0005473030786871114
US6146642-A,0.197230574499739,0.28486667362924945,0.19581277794033727,0.28625224513909253,0.9943820224719101,0.0014177965594017183,-0.0013855715098430865
WO2003086280-A3,0.197230574499739,0.28486667362924945,0.19471350381215682,0.2867731636398346,0.9943820224719101,0.002517070687582168,-0.0019064900105851823
US11291682-B2,0.197230574499739,0.28486667362924945,0.19703253349483846,0.2851688446420444,0.99812734082397,0.00019804100490053433,-0.0003021710127949495
US9511135-B2,0.197230574499739,0.28486667362924945,0.19751622204895974,0.2856512890269278,0.99812734082397,-0.0002856475492207522,-0.0007846153976783787
US6632640-B1,0.197230574499739,0.28486667362924945,0.1955965161666876,0.28529895922696535,0.99812734082397,0.0016340583330513858,-0.000432285597715909
WO2005062820-A3,0.197230574499739,0.28486667362924945,0.19735000995600496,0.2854973466591018,0.99812734082397,-0.00011943545626597052,-0.0006306730298523688
US6586409-B1,0.197230574499739,0.28486667362924945,0.19929251480159388,0.2831155964220898,0.9850187265917603,-0.0020619403018548865,0.001751077207159668
US6969609-B1,0.197230574499739,0.28486667362924945,0.19735458842286163,0.2854011326792105,0.99812734082397,-0.00012401392312264004,-0.000534459049961078
US10716846-B2,0.197230574499739,0.28486667362924945,0.1968742976803322,0.28609941650545995,0.99812734082397,0.00035627681940678113,-0.001232742876210502
WO2013113736-A1,0.197230574499739,0.28486667362924945,0.197117355964833,0.28541397670793656,0.99812734082397,0.00011321853490597888,-0.0005473030786871114
CN103608033-B,0.197230574499739,0.28486667362924945,0.19739585148377492,0.2854011326792105,0.99812734082397,-0.00016527698403592805,-0.000534459049961078
WO2006080946-A3,0.197230574499739,0.28486667362924945,0.19730965403903136,0.285436869300313,0.99812734082397,-7.907953929237044e-05,-0.0005701956710635336
US9433670-B2,0.197230574499739,0.28486667362924945,0.1971227629709737,0.2852728704618709,0.99812734082397,0.00010781152876529476,-0.00040619683262144157
WO2003072720-A3,0.197230574499739,0.28486667362924945,0.19714777641749845,0.28548360180483157,0.99812734082397,8.279808224054275e-05,-0.000616928175582121
US10494613-B2,0.197230574499739,0.28486667362924945,0.19734520141002643,0.2864642971570091,0.99812734082397,-0.00011462691028743532,-0.0015976235277596618
EP2762165-A2,0.197230574499739,0.28486667362924945,0.19718438935526642,0.28545551449393164,0.99812734082397,4.618514447257693e-05,-0.0005888408646821941
US7662397-B2,0.197230574499739,0.28486667362924945,0.19718679726881047,0.28564709268126814,0.99812734082397,4.377723092852115e-05,-0.0007804190520186993
US9512456-B2,0.197230574499739,0.28486667362924945,0.19836293397624566,0.2831033410124345,0.9775280898876404,-0.001132359476506667,0.0017633326168149388
US8663653-B2,0.197230574499739,0.28486667362924945,0.19754872580885807,0.2854011326792105,0.99812734082397,-0.0003181513091190802,-0.000534459049961078
WO2011015347-A1,0.197230574499739,0.28486667362924945,0.1977015287238449,0.28625088418174033,0.9962546816479401,-0.00047095422410589616,-0.0013842105524908832
WO2021160036-A1,0.197230574499739,0.28486667362924945,0.19739043827303396,0.2854011326792105,0.99812734082397,-0.00015986377329496593,-0.000534459049961078
WO2009042794-A3,0.197230574499739,0.28486667362924945,0.19724075956197798,0.2843089321967661,0.99812734082397,-1.018506223898763e-05,0.0005577414324833274
US6451592-B1,0.197230574499739,0.28486667362924945,0.19706469360402024,0.2845724319835685,0.99812734082397,0.0001658808957187563,0.00029424164568092603
WO2007044024-A2,0.197230574499739,0.28486667362924945,0.19727021947590537,0.2828370301151079,0.99812734082397,-3.96449761663753e-05,0.0020296435141415325
US7501134-B2,0.197230574499739,0.28486667362924945,0.19687057217970905,0.28602652354850383,0.99812734082397,0.00036000232002994514,-0.0011598499192543854
US7968101-B2,0.197230574499739,0.28486667362924945,0.1967975839971349,0.28270693487313464,0.99812734082397,0.00043299050260409144,0.002159738756114804
US8715940-B2,0.197230574499739,0.28486667362924945,0.19706718667913353,0.28539164853345805,0.99812734082397,0.00016338782060545953,-0.0005249749042086083
EP1604688-A1,0.197230574499739,0.28486667362924945,0.19650581616604731,0.2853942347471242,0.9962546816479401,0.0007247583336916774,-0.0005275611178747752
US10633422-B2,0.197230574499739,0.28486667362924945,0.1969929896460798,0.283155867170927,0.9962546816479401,0.00023758485365918403,0.0017108064583224447
US6153421-A,0.197230574499739,0.28486667362924945,0.19840195535921468,0.2833059189648161,0.9925093632958801,-0.0011713808594756847,0.0015607546644333392
US8128938-B1,0.197230574499739,0.28486667362924945,0.19701302501668175,0.2830782523075496,0.99812734082397,0.00021754948305724442,0.001788421321699818
US9439956-B2,0.197230574499739,0.28486667362924945,0.1971227629709737,0.2852728704618709,0.99812734082397,0.00010781152876529476,-0.00040619683262144157
US9107939-B2,0.197230574499739,0.28486667362924945,0.1971398102777983,0.28550437573049176,0.99812734082397,9.076422194068123e-05,-0.0006377021012423101
EP1820853-A2,0.197230574499739,0.28486667362924945,0.19725235116535425,0.2856793097866559,0.99812734082397,-2.1776665615258484e-05,-0.0008126361574064545
US9974845-B2,0.197230574499739,0.28486667362924945,0.1971963908733196,0.2841742908048075,0.99812734082397,3.4183626419381774e-05,0.0006923828244419505
US8597661-B2,0.197230574499739,0.28486667362924945,0.19744191706222233,0.2825243346804613,0.99812734082397,-0.00021134256248334093,0.0023423389487881585
US10183074-B2,0.197230574499739,0.28486667362924945,0.1972909402978077,0.2835283962848981,0.99812734082397,-6.0365798068701126e-05,0.001338277344351324
US6951754-B2,0.197230574499739,0.28486667362924945,0.19728891390976055,0.2853245494289917,0.9962546816479401,-5.833941002156284e-05,-0.0004578757997422689
US8715640-B2,0.197230574499739,0.28486667362924945,0.1975461846791172,0.2859376009737203,0.9962546816479401,-0.0003156101793782007,-0.00107092734447084
EP1801209-A1,0.197230574499739,0.28486667362924945,0.19796860721435255,0.2859376009737203,0.9962546816479401,-0.0007380327146135623,-0.00107092734447084
US11497807-B2,0.197230574499739,0.28486667362924945,0.19674352773460524,0.2845745184458641,0.99812734082397,0.0004870467651337529,0.0002921551833853231
US9394234-B2,0.197230574499739,0.28486667362924945,0.19708667648476746,0.28315753929115184,0.99812734082397,0.00014389801497152743,0.0017091343380976065
US10682406-B2,0.197230574499739,0.28486667362924945,0.19717335015708268,0.2834053880990325,0.99812734082397,5.72243426563146e-05,0.0014612855302169603
US6495143-B2,0.197230574499739,0.28486667362924945,0.19727629714653583,0.2847054813952254,0.99812734082397,-4.572264679683635e-05,0.00016119223402405458
US10709779-B2,0.197230574499739,0.28486667362924945,0.19626799371697243,0.2818937225931345,0.9962546816479401,0.0009625807827665644,0.002972951036114946
US9801897-B2,0.197230574499739,0.28486667362924945,0.19708317996717933,0.28554848897103213,0.99812734082397,0.00014739453255965818,-0.0006818153417826878
US7723094-B2,0.197230574499739,0.28486667362924945,0.19840412482623743,0.28709524833943445,0.9868913857677902,-0.0011735503264984348,-0.002228574710185005
WO2005047458-A2,0.197230574499739,0.28486667362924945,0.19745186612391943,0.28569298175154734,0.99812734082397,-0.0002212916241804419,-0.0008263081222978919
US9139554-B2,0.197230574499739,0.28486667362924945,0.19764429831329822,0.2876476485952137,0.9906367041198502,-0.0004137238135592247,-0.0027809749659642446
US7572628-B2,0.197230574499739,0.28486667362924945,0.19729457924719318,0.2854171800988772,0.99812734082397,-6.400474745418827e-05,-0.0005505064696277318
US9267114-B2,0.197230574499739,0.28486667362924945,0.19720406991801206,0.2853953627386516,0.9962546816479401,2.6504581726927157e-05,-0.0005286891094021806
US7432079-B2,0.197230574499739,0.28486667362924945,0.1977341064501271,0.28255414232710374,0.9962546816479401,-0.0005035319503881031,0.002312531302145704
US8187607-B2,0.197230574499739,0.28486667362924945,0.19728576264659226,0.2835334422788687,0.99812734082397,-5.518814685326334e-05,0.0013332313503807702
EP2650368-A1,0.197230574499739,0.28486667362924945,0.19728725427566332,0.2854011326792105,0.99812734082397,-5.667977592432871e-05,-0.000534459049961078
US10117920-B2,0.197230574499739,0.28486667362924945,0.19716222724572122,0.2841363883278806,0.99812734082397,6.834725401777542e-05,0.0007302853013688715
US6475780-B1,0.197230574499739,0.28486667362924945,0.1970424923487289,0.2867591242811045,0.99812734082397,0.0001880821510100994,-0.00189245065185506
US10232024-B2,0.197230574499739,0.28486667362924945,0.1971804034375634,0.2851257783416609,0.99812734082397,5.017106217558576e-05,-0.00025910471241147315
US11090376-B2,0.197230574499739,0.28486667362924945,0.1970973562467138,0.28381299331678284,0.99812734082397,0.0001332182530252024,0.0010536803124666094
US10189802-B2,0.197230574499739,0.28486667362924945,0.19722743904759202,0.28470575759359146,0.99812734082397,3.1354521469739716e-06,0.0001609160356579875
US11324770-B2,0.197230574499739,0.28486667362924945,0.196884919173836,0.28455908854448336,0.99812734082397,0.0003456553259029993,0.00030758508476608215
US6884435-B1,0.197230574499739,0.28486667362924945,0.19735285888551998,0.2855500352671375,0.99812734082397,-0.00012228438578099077,-0.0006833616378880691
US6127116-A,0.197230574499739,0.28486667362924945,0.20941891707356777,0.2958208910000386,0.9325842696629213,-0.012188342573828781,-0.010954217370789165
US11351244-B2,0.197230574499739,0.28486667362924945,0.1971008828869542,0.28502523739957103,0.99812734082397,0.00012969161278478247,-0.00015856377032158475
US10702599-B2,0.197230574499739,0.28486667362924945,0.1968129397379923,0.285454447979474,0.99812734082397,0.00041763476174669356,-0.0005877743502245569
US8563706-B2,0.197230574499739,0.28486667362924945,0.19754872580885807,0.2854011326792105,0.99812734082397,-0.0003181513091190802,-0.000534459049961078
US11351239-B2,0.197230574499739,0.28486667362924945,0.1971008828869542,0.28502523739957103,0.99812734082397,0.00012969161278478247,-0.00015856377032158475
US7201907-B1,0.197230574499739,0.28486667362924945,0.19709925951287527,0.28520004716373065,0.99812734082397,0.00013131498686372312,-0.0003333735344812072
US8968746-B2,0.197230574499739,0.28486667362924945,0.196518023126722,0.2885670504374148,0.99812734082397,0.0007125513730169841,-0.003700376808165373
US9155788-B2,0.197230574499739,0.28486667362924945,0.19665854371011868,0.28258951046143777,0.99812734082397,0.0005720307896203147,0.00227716316781168
US9352028-B2,0.197230574499739,0.28486667362924945,0.19732015619672863,0.2855053644907594,0.99812734082397,-8.958169698963792e-05,-0.0006386908615099718
US7342002-B2,0.197230574499739,0.28486667362924945,0.1973402944712152,0.28549734665910176,0.99812734082397,-0.00010971997147621315,-0.0006306730298523133
US6531135-B1,0.197230574499739,0.28486667362924945,0.1971452942249018,0.2841053637005288,0.99812734082397,8.528027483720169e-05,0.0007613099287206437
US7045335-B2,0.197230574499739,0.28486667362924945,0.19697836378793657,0.2832697486347193,0.99812734082397,0.00025221071180242527,0.0015969249945301245
US7666408-B2,0.197230574499739,0.28486667362924945,0.19668587844065538,0.285343293193755,0.99812734082397,0.0005446960590836103,-0.00047661956450556486
US7273617-B2,0.197230574499739,0.28486667362924945,0.19738252552813176,0.2845063582853742,0.99812734082397,-0.00015195102839277164,0.00036031534387526154
US8859208-B2,0.197230574499739,0.28486667362924945,0.1970354469169706,0.28525754038573337,0.99812734082397,0.0001951275827683785,-0.0003908667564839208
US8454974-B2,0.197230574499739,0.28486667362924945,0.19755013646495428,0.2854011326792105,0.99812734082397,-0.00031956196521529256,-0.000534459049961078
WO2008014979-A3,0.197230574499739,0.28486667362924945,0.19704312578561456,0.28488181770606785,0.99812734082397,0.00018744871412443298,-1.514407681840746e-05
WO2010066418-A1,0.197230574499739,0.28486667362924945,0.1973911492967879,0.2854011326792105,0.99812734082397,-0.00016057479704889577,-0.000534459049961078
US7449324-B2,0.197230574499739,0.28486667362924945,0.1969019868951662,0.2844059115335871,0.99812734082397,0.0003285876045727998,0.00046076209566237036
US7465574-B2,0.197230574499739,0.28486667362924945,0.1967981891512198,0.28644055455193806,0.99812734082397,0.0004323853485191931,-0.0015738809226886197
US7537767-B2,0.197230574499739,0.28486667362924945,0.19710608238150154,0.2854011326792105,0.99812734082397,0.00012449211823745143,-0.000534459049961078
US6767699-B2,0.197230574499739,0.28486667362924945,0.1972269471421504,0.2843202640285772,0.99812734082397,3.6273575886036635e-06,0.0005464096006722596
US10266485-B2,0.197230574499739,0.28486667362924945,0.19707555968014254,0.28545127930411857,0.99812734082397,0.00015501481959645513,-0.0005846056748691209
WO2007025760-A2,0.197230574499739,0.28486667362924945,0.1973911492967879,0.2854011326792105,0.99812734082397,-0.00016057479704889577,-0.000534459049961078
US7402429-B1,0.197230574499739,0.28486667362924945,0.19711851608815614,0.2855037613771569,0.99812734082397,0.00011205841158284935,-0.0006370877479074388
US7201911-B1,0.197230574499739,0.28486667362924945,0.19742174294980364,0.2855262108530692,0.99812734082397,-0.00019116845006464378,-0.0006595372238197283
US8680258-B2,0.197230574499739,0.28486667362924945,0.19726159441543709,0.2853701499795522,0.99812734082397,-3.1019915698093925e-05,-0.000503476350302734
US8084037-B2,0.197230574499739,0.28486667362924945,0.1971273326887573,0.2859307109129245,0.99812734082397,0.00010324181098170238,-0.0010640372836750456
US7264810-B2,0.197230574499739,0.28486667362924945,0.19727416671761006,0.28307780035981217,0.99812734082397,-4.359221787106349e-05,0.0017888732694372744
US10392341-B2,0.197230574499739,0.28486667362924945,0.1971140891153355,0.28413606335475633,0.99812734082397,0.00011648538440348077,0.0007306102744931153
EP2397156-B1,0.197230574499739,0.28486667362924945,0.197473201735515,0.28577636720078653,0.99812734082397,-0.0002426272357760051,-0.0009096935715370846
WO2006004648-A1,0.197230574499739,0.28486667362924945,0.1980166938959203,0.2841864221094702,0.9925093632958801,-0.0007861193961813118,0.0006802515197792403
US9254265-B2,0.197230574499739,0.28486667362924945,0.19667211880886043,0.28468416671834207,0.99812734082397,0.0005584556908785621,0.00018250691090737625
US8158416-B2,0.197230574499739,0.28486667362924945,0.1971149894479162,0.28452138332160815,0.99812734082397,0.00011558505182279744,0.0003452903076412994
US8586364-B2,0.197230574499739,0.28486667362924945,0.19730054552860324,0.28488295167322464,0.99812734082397,-6.997102886424633e-05,-1.6278043975193057e-05
EP2548960-A1,0.197230574499739,0.28486667362924945,0.196923435534346,0.2842053662928736,0.99812734082397,0.0003071389653930001,0.0006613073363758715
US9238716-B2,0.197230574499739,0.28486667362924945,0.19722626350084485,0.2835487844853989,0.99812734082397,4.310998894141438e-06,0.001317889143850559
EP1512746-A1,0.197230574499739,0.28486667362924945,0.1973988181775086,0.2838971488581535,0.99812734082397,-0.0001682436777696028,0.0009695247710959642
US9764026-B2,0.197230574499739,0.28486667362924945,0.19708490476788584,0.2847301011085274,0.99812734082397,0.00014566973185314858,0.00013657252072202253
US7842798-B2,0.197230574499739,0.28486667362924945,0.19725548086773034,0.2848757772758064,0.99812734082397,-2.490636799135082e-05,-9.103646556929412e-06
US8093033-B2,0.197230574499739,0.28486667362924945,0.1970348591435979,0.2846434254797251,0.99812734082397,0.0001957153561411018,0.00022324814952434657
US9421255-B2,0.197230574499739,0.28486667362924945,0.19713301821687956,0.28410631353640603,0.99812734082397,9.755628285942897e-05,0.0007603600928434151
US7455842-B2,0.197230574499739,0.28486667362924945,0.19730260966420726,0.2858389062877158,0.99812734082397,-7.203516446827041e-05,-0.0009722326584663543
US6974686-B2,0.197230574499739,0.28486667362924945,0.1973641165169638,0.2856914927256681,0.99812734082397,-0.00013354201722481918,-0.0008248190964186275
US6960569-B2,0.197230574499739,0.28486667362924945,0.19753037325564102,0.28146117020266265,0.99812734082397,-0.0002997987559020254,0.003405503426586798
US9655845-B2,0.197230574499739,0.28486667362924945,0.19724039458661632,0.2833175273123031,0.99812734082397,-9.820086877332379e-06,0.0015491463169463593
US9388389-B2,0.197230574499739,0.28486667362924945,0.19742011664670026,0.2854011326792105,0.99812734082397,-0.00018954214696126348,-0.000534459049961078
US11141377-B2,0.197230574499739,0.28486667362924945,0.1957503749453898,0.2864021016914366,0.99812734082397,0.001480199554349193,-0.0015354280621871497
US10150797-B2,0.197230574499739,0.28486667362924945,0.19741544927294752,0.2854011326792105,0.99812734082397,-0.00018487477320852652,-0.000534459049961078
AU2012204138-B2,0.197230574499739,0.28486667362924945,0.19722061140318956,0.28454583494651653,0.99812734082397,9.963096549436834e-06,0.0003208386827329157
US6562798-B1,0.197230574499739,0.28486667362924945,0.19726932587639104,0.28477574180991716,0.99812734082397,-3.875137665204642e-05,9.0931819332285e-05
US7235235-B2,0.197230574499739,0.28486667362924945,0.19723646907079848,0.2845018511136904,0.99812734082397,-5.894571059483766e-06,0.0003648225155590268
US10383934-B2,0.197230574499739,0.28486667362924945,0.1971008828869548,0.28407510352260795,0.99812734082397,0.0001296916127841996,0.0007915701066414926
EP2532649-A1,0.197230574499739,0.28486667362924945,0.197562132506862,0.28475309208244454,0.9962546816479401,-0.0003315580071230062,0.0001135815468049084
US8748591-B2,0.197230574499739,0.28486667362924945,0.19741325979266505,0.2854011326792105,0.99812734082397,-0.00018268529292606028,-0.000534459049961078
US8840903-B2,0.197230574499739,0.28486667362924945,0.19744253212017834,0.28621414080929186,0.99812734082397,-0.0002119576204393514,-0.0013474671800424165
WO2012135025-A3,0.197230574499739,0.28486667362924945,0.19710172119310146,0.28562244033103434,0.99812734082397,0.00012885330663753303,-0.000755766701784899
US8680063-B2,0.197230574499739,0.28486667362924945,0.19782402454798745,0.2859376009737203,0.9962546816479401,-0.0005934500482484562,-0.00107092734447084
US7959928-B2,0.197230574499739,0.28486667362924945,0.19762657854057317,0.28723548854980335,0.9962546816479401,-0.00039600404083417473,-0.0023688149205539077
EP1930416-A1,0.197230574499739,0.28486667362924945,0.19796860721434628,0.2859376009737203,0.9962546816479401,-0.0007380327146072896,-0.00107092734447084
US8097459-B2,0.197230574499739,0.28486667362924945,0.19706659890576114,0.2855967280068302,0.99812734082397,0.00016397559397784978,-0.00073005437758078
WO2009146867-A1,0.197230574499739,0.28486667362924945,0.19724075956197828,0.28432680050731735,0.99812734082397,-1.0185062239292941e-05,0.0005398731219320996
EP2365962-A2,0.197230574499739,0.28486667362924945,0.19736147275030191,0.28479658817222697,0.99812734082397,-0.00013089825056292193,7.008545702247293e-05
US9234013-B2,0.197230574499739,0.28486667362924945,0.19690790381379053,0.287100203406511,0.99812734082397,0.0003226706859484618,-0.0022335297772615448
US6500662-B1,0.197230574499739,0.28486667362924945,0.19740856076170293,0.28353054165876623,0.9962546816479401,-0.00017798626196394163,0.001336131970483212
US7678376-B2,0.197230574499739,0.28486667362924945,0.1971273326887573,0.2859307109129245,0.99812734082397,0.00010324181098170238,-0.0010640372836750456
US6790449-B2,0.197230574499739,0.28486667362924945,0.1960127683544869,0.2852357206372522,0.9962546816479401,0.0012178061452521038,-0.00036904700800277634
US6531313-B1,0.197230574499739,0.28486667362924945,0.19626526198769081,0.2854171800988772,0.99812734082397,0.0009653125120481776,-0.0005505064696277318
US7470426-B1,0.197230574499739,0.28486667362924945,0.19742468020593787,0.28548824069314777,0.99812734082397,-0.00019410570619887713,-0.0006215670638983206
US7115266-B2,0.197230574499739,0.28486667362924945,0.19727475449098347,0.2845161993591867,0.99812734082397,-4.417999124448069e-05,0.00035047427006273946
WO2004112831-A3,0.197230574499739,0.28486667362924945,0.1972070926156016,0.28577786256487264,0.99812734082397,2.348188413739405e-05,-0.0009111889356231972
US7566458-B2,0.197230574499739,0.28486667362924945,0.19702310367613005,0.28354909110421983,0.99812734082397,0.0002074708236089462,0.0013175825250296147
EP1925317-A1,0.197230574499739,0.28486667362924945,0.19724632107637644,0.28550346936691307,0.99812734082397,-1.5746576637443166e-05,-0.0006367957376636202
US7850977-B2,0.197230574499739,0.28486667362924945,0.1973068945509086,0.28391830774638904,0.9962546816479401,-7.632005116961493e-05,0.0009483658828604025
US7517520-B2,0.197230574499739,0.28486667362924945,0.19763141775201123,0.28681479395617643,0.9962546816479401,-0.0004008432522722427,-0.0019481203269269831
WO2021213924-A1,0.197230574499739,0.28486667362924945,0.19749982176259304,0.2854011326792105,0.99812734082397,-0.0002692472628540443,-0.000534459049961078
WO2004022716-A3,0.197230574499739,0.28486667362924945,0.1971567213574268,0.28540582929048186,0.99812734082397,7.385314231220241e-05,-0.0005391556612324155
US8188261-B2,0.197230574499739,0.28486667362924945,0.19724148428674199,0.28544580345558856,0.99812734082397,-1.0909787002993943e-05,-0.0005791298263391198
US9636410-B2,0.197230574499739,0.28486667362924945,0.19729094029780747,0.2835283962848981,0.99812734082397,-6.036579806847908e-05,0.001338277344351324
US7888112-B2,0.197230574499739,0.28486667362924945,0.19633647789957664,0.2809883472157684,0.99812734082397,0.0008940966001623474,0.00387832641348107
US8636696-B2,0.197230574499739,0.28486667362924945,0.19711735596483368,0.28541397670793656,0.99812734082397,0.00011321853490531275,-0.0005473030786871114
US8158418-B2,0.197230574499739,0.28486667362924945,0.19735861035464927,0.2855649255259302,0.99812734082397,-0.00012803585491028002,-0.0006982518966807683
US8652465-B2,0.197230574499739,0.28486667362924945,0.19777456226402088,0.2860002576153243,0.9962546816479401,-0.0005439877642818836,-0.001133583986074882
US8999351-B2,0.197230574499739,0.28486667362924945,0.19739538966183728,0.2854011326792105,0.99812734082397,-0.00016481516209829183,-0.000534459049961078
US6719979-B2,0.197230574499739,0.28486667362924945,0.19712125623164473,0.2854187925746073,0.99812734082397,0.00010931826809426615,-0.0005521189453578379
US9839697-B2,0.197230574499739,0.28486667362924945,0.19719507817945292,0.2833690861258582,0.99812734082397,3.5496320286071414e-05,0.00149758750339124
US6841364-B2,0.197230574499739,0.28486667362924945,0.19738605216836957,0.2837392079872671,0.99812734082397,-0.00015547766863058254,0.0011274656419823503
US9683233-B2,0.197230574499739,0.28486667362924945,0.19720918474041424,0.2841742908048075,0.99812734082397,2.138975932475251e-05,0.0006923828244419505
US8105578-B2,0.197230574499739,0.28486667362924945,0.19769998346262266,0.28602487272452587,0.9962546816479401,-0.0004694089628836662,-0.0011581990952764243
US7205013-B2,0.197230574499739,0.28486667362924945,0.19697693751268866,0.2855260342887357,0.99812734082397,0.0002536369870503319,-0.0006593606594862411
US10124055-B2,0.197230574499739,0.28486667362924945,0.1968812971105305,0.28451170465606634,0.9962546816479401,0.00034927738920847995,0.0003549689731831007
US7410795-B2,0.197230574499739,0.28486667362924945,0.19700395183529226,0.2821368133298586,0.99812734082397,0.00022662266444672952,0.0027298602993908183
US7709007-B2,0.197230574499739,0.28486667362924945,0.19709103068564818,0.28445245814869,0.99812734082397,0.0001395438140908145,0.00041421548055942115
EP2747778-B1,0.197230574499739,0.28486667362924945,0.19744544370246062,0.2856512890269279,0.99812734082397,-0.0002148692027216237,-0.0007846153976784342
US11318213-B2,0.197230574499739,0.28486667362924945,0.19719841153757314,0.2850074998681486,0.99812734082397,3.216296216584924e-05,-0.00014082623889916102
US9457080-B2,0.197230574499739,0.28486667362924945,0.19738896038411805,0.28446304637527053,0.99812734082397,-0.0001583858843790531,0.00040362725397891097
US7407790-B2,0.197230574499739,0.28486667362924945,0.19727141594605255,0.2854011326792105,0.99812734082397,-4.084144631355535e-05,-0.000534459049961078
US9764031-B2,0.197230574499739,0.28486667362924945,0.19741082647353253,0.2840878118536946,0.99812734082397,-0.0001802519737935382,0.0007788617755548621
US10632190-B2,0.197230574499739,0.28486667362924945,0.19723409513576295,0.282257799048072,0.99812734082397,-3.5206360239625756e-06,0.0026088745811774228
US5639650-A,0.197230574499739,0.28486667362924945,0.1971947063731591,0.2838122351708116,0.99812734082397,3.586812657987992e-05,0.0010544384584378341
US7771979-B2,0.197230574499739,0.28486667362924945,0.1975036949936855,0.2864921977263682,0.9943820224719101,-0.0002731204939465104,-0.0016255240971187468
US9688729-B2,0.197230574499739,0.28486667362924945,0.1974964865770855,0.2859734047689226,0.9962546816479401,-0.00026591207734649736,-0.0011067311396731339
US8673317-B2,0.197230574499739,0.28486667362924945,0.1969837502817077,0.28467262440225516,0.99812734082397,0.00024682421803129406,0.00019404922699428617
DE10229872-A1,0.197230574499739,0.28486667362924945,0.19726135662460498,0.284997806772173,0.99812734082397,-3.078212486598564e-05,-0.00013113314292356737
WO2005055979-A2,0.197230574499739,0.28486667362924945,0.1973567705633148,0.28654768260624824,0.99812734082397,-0.00012619606357580637,-0.001681008976998799
US6264957-B1,0.197230574499739,0.28486667362924945,0.19712438221517695,0.2827145050732959,0.99812734082397,0.00010619228456204555,0.002152168555953571
WO2004092329-A3,0.197230574499739,0.28486667362924945,0.19696718554406475,0.2855307219016543,0.99812734082397,0.0002633889556742375,-0.0006640482724048491
EP1383556-B1,0.197230574499739,0.28486667362924945,0.19707114578200113,0.2845244514950431,0.99812734082397,0.00015942871773785838,0.0003422221342063714
US5869036-A,0.197230574499739,0.28486667362924945,0.19661636203555954,0.2834260543908115,0.99812734082397,0.0006142124641794477,0.001440619238437968
WO2013034069-A1,0.197230574499739,0.28486667362924945,0.19723354241740415,0.2836136442614912,0.99812734082397,-2.9679176651586925e-06,0.0012530293677582294
WO2006098901-A3,0.197230574499739,0.28486667362924945,0.19725035273588284,0.28567602976461415,0.99812734082397,-1.9778236143852546e-05,-0.0008093561353647027
US6589531-B1,0.197230574499739,0.28486667362924945,0.19766163429403077,0.2844174993126411,0.9962546816479401,-0.00043105979429178265,0.0004491743166083473
US10695419-B2,0.197230574499739,0.28486667362924945,0.19682727581045809,0.28276490216603595,0.99812734082397,0.0004032986892809065,0.0021017714632134976
US10933127-B2,0.197230574499739,0.28486667362924945,0.19679530653678592,0.2850602960940604,0.99812734082397,0.0004352679629530676,-0.0001936224648109719
US8153141-B2,0.197230574499739,0.28486667362924945,0.19560640452512323,0.28391468654479085,0.9962546816479401,0.0016241699746157578,0.0009519870844585943
US10307374-B2,0.197230574499739,0.28486667362924945,0.19721674151347776,0.2853713521616251,0.99812734082397,1.383298626123075e-05,-0.0005046785323756797
US10117934-B2,0.197230574499739,0.28486667362924945,0.19721180427585933,0.2849142212166892,0.99812734082397,1.8770223879666093e-05,-4.754758743974463e-05
US8895025-B2,0.197230574499739,0.28486667362924945,0.19736841896716797,0.2844221710529693,0.99812734082397,-0.0001378444674289825,0.000444502576280148
WO2016135675-A1,0.197230574499739,0.28486667362924945,0.19727908203361078,0.2854011326792105,0.99812734082397,-4.8507533871783304e-05,-0.000534459049961078
WO2014053634-A1,0.197230574499739,0.28486667362924945,0.19711735596483368,0.28541397670793656,0.99812734082397,0.00011321853490531275,-0.0005473030786871114
US6627202-B2,0.197230574499739,0.28486667362924945,0.1969807586268051,0.28577636720078653,0.99812734082397,0.0002498158729338784,-0.0009096935715370846
US8158601-B2,0.197230574499739,0.28486667362924945,0.19661582894879243,0.28314147174754206,0.99812734082397,0.000614745550946566,0.0017252018817073833
US9884112-B2,0.197230574499739,0.28486667362924945,0.19741082647353253,0.2840878118536946,0.99812734082397,-0.0001802519737935382,0.0007788617755548621
WO2011144358-A1,0.197230574499739,0.28486667362924945,0.19691638225386526,0.28396084924555964,0.99812734082397,0.00031419224587372896,0.0009058243836898017
US5610054-A,0.197230574499739,0.28486667362924945,0.19855710572635774,0.28327436115567584,0.9906367041198502,-0.0013265312266187435,0.0015923124735736094
WO2003097089-A3,0.197230574499739,0.28486667362924945,0.19714777641749776,0.28548360180483157,0.99812734082397,8.279808224123664e-05,-0.000616928175582121
US8591914-B2,0.197230574499739,0.28486667362924945,0.19701840148914287,0.2842868110705779,0.99812734082397,0.00021217301059611726,0.00057986255867154
US6251678-B1,0.197230574499739,0.28486667362924945,0.1974758040859776,0.28550834254251795,0.99812734082397,-0.0002452295862385989,-0.0006416689132685005
US7763420-B2,0.197230574499739,0.28486667362924945,0.19735267531154407,0.28478298389032997,0.99812734082397,-0.00012210081180508148,8.368973891947906e-05
US9694065-B2,0.197230574499739,0.28486667362924945,0.1974240511925209,0.2825868737673906,0.99812734082397,-0.00019347669278191315,0.0022797998618588333
US9572874-B2,0.197230574499739,0.28486667362924945,0.19713882317867185,0.28556272435723906,0.99812734082397,9.175132106714612e-05,-0.0006960507279896166
EP2010659-A2,0.197230574499739,0.28486667362924945,0.1973313678123488,0.2825868737673906,0.99812734082397,-0.00010079331260981483,0.0022797998618588333
US6764685-B1,0.197230574499739,0.28486667362924945,0.1972238002939349,0.2838800927435364,0.99812734082397,6.7742058040831665e-06,0.0009865808857130176
EP1721985-A1,0.197230574499739,0.28486667362924945,0.19762509588335922,0.2854011326792105,0.99812734082397,-0.0003945213836202277,-0.000534459049961078
US6740740-B2,0.197230574499739,0.28486667362924945,0.1974442495027659,0.28202402198502663,0.99812734082397,-0.00021367500302690856,0.0028426516442228156
US9226959-B2,0.197230574499739,0.28486667362924945,0.1969251227747092,0.28554417136267407,0.99812734082397,0.00030545172502979834,-0.0006774977334246257
US7314627-B2,0.197230574499739,0.28486667362924945,0.19735285888551887,0.2855500352671375,0.99812734082397,-0.00012228438577988054,-0.0006833616378880691
WO2008020331-A3,0.197230574499739,0.28486667362924945,0.1975392576175287,0.2854011326792105,0.99812734082397,-0.0003086831177896987,-0.000534459049961078
US9220683-B2,0.197230574499739,0.28486667362924945,0.19704956647244312,0.2856572302836625,0.9962546816479401,0.0001810080272958703,-0.0007905566544130771
US6649372-B1,0.197230574499739,0.28486667362924945,0.19702427922287644,0.28404950326413725,0.99812734082397,0.0002062952768625559,0.0008171703651121964
WO2008147496-A3,0.197230574499739,0.28486667362924945,0.19744544370246062,0.2856512890269279,0.99812734082397,-0.0002148692027216237,-0.0007846153976784342
US6592874-B2,0.197230574499739,0.28486667362924945,0.19747915727945736,0.28595367855770965,0.9962546816479401,-0.0002485827797183704,-0.0010870049284602001
WO2008100292-A3,0.197230574499739,0.28486667362924945,0.19741174919172327,0.2839147464367267,0.99812734082397,-0.0001811746919842816,0.000951927192522739
US8221769-B2,0.197230574499739,0.28486667362924945,0.19755793429905924,0.28305817567888136,0.9962546816479401,-0.00032735979932024817,0.001808497950368082
US9867888-B2,0.197230574499739,0.28486667362924945,0.19717747016853804,0.2839949403724554,0.99812734082397,5.3104331200953814e-05,0.0008717332567940717
US6303779-B1,0.197230574499739,0.28486667362924945,0.1973655478224422,0.28515097633149317,0.99812734082397,-0.00013497332270320794,-0.00028430270224372167
US7250404-B2,0.197230574499739,0.28486667362924945,0.19648716077730569,0.2851867129525956,0.99812734082397,0.0007434137224333059,-0.00032003932334617735
US5766602-A,0.197230574499739,0.28486667362924945,0.19310676782592745,0.2807410297906039,0.9925093632958801,0.004123806673811542,0.004125643838645554
US9555122-B2,0.197230574499739,0.28486667362924945,0.1974287818050769,0.2847757418099172,0.99812734082397,-0.00019820730533789965,9.093181933222949e-05
US10487332-B2,0.197230574499739,0.28486667362924945,0.1971717826048383,0.2846066801023939,0.99812734082397,5.8791894900683817e-05,0.0002599935268555176
US8043612-B2,0.197230574499739,0.28486667362924945,0.19742468020593787,0.28548824069314777,0.99812734082397,-0.00019410570619887713,-0.0006215670638983206
US10449244-B2,0.197230574499739,0.28486667362924945,0.19684513292532607,0.2829675326211544,0.99812734082397,0.00038544157441292026,0.0018991410080950177
US10022436-B2,0.197230574499739,0.28486667362924945,0.1957572390526448,0.29012166214286345,0.9906367041198502,0.0014733354470941873,-0.005254988513614001
US7959934-B2,0.197230574499739,0.28486667362924945,0.19740546933907194,0.28427542911448256,0.99812734082397,-0.00017489483933294525,0.0005912445147668866
US7820624-B2,0.197230574499739,0.28486667362924945,0.19711735596483368,0.28541397670793656,0.99812734082397,0.00011321853490531275,-0.0005473030786871114
US7582613-B2,0.197230574499739,0.28486667362924945,0.1974613408681268,0.28552621085306923,0.99812734082397,-0.00023076636838781361,-0.0006595372238197839
WO2003024480-A3,0.197230574499739,0.28486667362924945,0.1975392576175287,0.2854011326792105,0.99812734082397,-0.0003086831177896987,-0.000534459049961078
WO2006063252-A3,0.197230574499739,0.28486667362924945,0.19735527059619945,0.2856512890269278,0.99812734082397,-0.0001246960964604582,-0.0007846153976783787
US7557200-B2,0.197230574499739,0.28486667362924945,0.19718749269298547,0.28430446511912827,0.99812734082397,4.3081806753525465e-05,0.000562208510121176
EP2947149-A1,0.197230574499739,0.28486667362924945,0.19675877848657256,0.28502480344545117,0.99812734082397,0.0004717960131664367,-0.00015812981620172417
US8362233-B2,0.197230574499739,0.28486667362924945,0.19724148428674199,0.28544580345558856,0.99812734082397,-1.0909787002993943e-05,-0.0005791298263391198
US8066984-B2,0.197230574499739,0.28486667362924945,0.19733621765708909,0.28360936076548726,0.99812734082397,-0.00010564315735009377,0.0012573128637621833
US7572453-B2,0.197230574499739,0.28486667362924945,0.19735406471150035,0.2854011326792105,0.99812734082397,-0.00012349021176136232,-0.000534459049961078
WO2011076391-A1,0.197230574499739,0.28486667362924945,0.19732936938287932,0.2807107011595107,0.99812734082397,-9.879488314032403e-05,0.004155972469738756
US8298547-B2,0.197230574499739,0.28486667362924945,0.19843308283960517,0.2872681831157595,0.9925093632958801,-0.0012025083398661818,-0.0024015094865100783
US9764036-B2,0.197230574499739,0.28486667362924945,0.1972931490573692,0.2856512890269278,0.99812734082397,-6.25745576302017e-05,-0.0007846153976783787
US8841433-B2,0.197230574499739,0.28486667362924945,0.19686025498565216,0.2854808550096435,0.99812734082397,0.0003703195140868365,-0.000614181380394041
US8871230-B2,0.197230574499739,0.28486667362924945,0.1977352724284817,0.28289554214449064,0.9906367041198502,-0.00050469792874272,0.0019711314847588035
US6770479-B1,0.197230574499739,0.28486667362924945,0.19733929423868915,0.28546183238123013,0.99812734082397,-0.00010871973895015818,-0.0005951587519806845
WO2003077729-A3,0.197230574499739,0.28486667362924945,0.19768991701721397,0.2860629142569283,0.9962546816479401,-0.000459342517474981,-0.0011962406276788684
US6541010-B1,0.197230574499739,0.28486667362924945,0.1972680493844147,0.28572901513559346,0.9962546816479401,-3.747488467570337e-05,-0.000862341506344011
US6589529-B1,0.197230574499739,0.28486667362924945,0.19737671551653663,0.2854011326792105,0.99812734082397,-0.00014614101679763514,-0.000534459049961078
WO2008156778-A3,0.197230574499739,0.28486667362924945,0.19723236687065734,0.2848671222732692,0.99812734082397,-1.7923709183520486e-06,-4.4864401976818513e-07
US10738306-B2,0.197230574499739,0.28486667362924945,0.19715956267309562,0.2824583676398169,0.99812734082397,7.101182664337458e-05,0.0024083059894325354
US6664066-B2,0.197230574499739,0.28486667362924945,0.19705125105277294,0.2851982680616871,0.99812734082397,0.0001793234469660565,-0.00033159443243763187
US9982257-B2,0.197230574499739,0.28486667362924945,0.19771311630746174,0.2872293855329928,0.9943820224719101,-0.0004825418077227528,-0.0023627119037433753
WO2015170287-A1,0.197230574499739,0.28486667362924945,0.19711733637238804,0.28479859629897386,0.99812734082397,0.00011323812735095085,6.807733027558438e-05
US8101741-B2,0.197230574499739,0.28486667362924945,0.1977029227795211,0.28660163914253456,0.9943820224719101,-0.0004723482797820977,-0.0017349655132851138
US7128911-B2,0.197230574499739,0.28486667362924945,0.19728341155309725,0.284144747443675,0.99812734082397,-5.2837053358262276e-05,0.0007219261855744286
US7041474-B2,0.197230574499739,0.28486667362924945,0.19746497290828746,0.2839001945929066,0.99812734082397,-0.0002343984085484696,0.0009664790363428377
US9023603-B2,0.197230574499739,0.28486667362924945,0.19704990614195658,0.28518931592726504,0.99812734082397,0.00018066835778240975,-0.0003226422980155963
US8551481-B2,0.197230574499739,0.28486667362924945,0.19736989433118302,0.2854011326792105,0.99812734082397,-0.0001393198314440236,-0.000534459049961078
US9512073-B2,0.197230574499739,0.28486667362924945,0.19722273686060446,0.2843454133308082,0.99812734082397,7.837639134533614e-06,0.0005212602984412396
US7078218-B2,0.197230574499739,0.28486667362924945,0.19713952844800203,0.28435350893715194,0.99812734082397,9.104605173695934e-05,0.0005131646920975008
WO2008052770-A3,0.197230574499739,0.28486667362924945,0.19709814417228605,0.2854757742246652,0.99812734082397,0.0001324303274529426,-0.0006091005954157458
US9433669-B2,0.197230574499739,0.28486667362924945,0.19712276297097406,0.2852728704618709,0.99812734082397,0.00010781152876493394,-0.00040619683262144157
US6699476-B1,0.197230574499739,0.28486667362924945,0.19702096809953976,0.28272329300489074,0.99812734082397,0.00020960640019923593,0.002143380624358704
US7935352-B2,0.197230574499739,0.28486667362924945,0.19751150588118263,0.28427542911448256,0.99812734082397,-0.0002809313814436387,0.0005912445147668866
US10004797-B2,0.197230574499739,0.28486667362924945,0.19724063609629475,0.284708222516907,0.99812734082397,-1.0061596555754893e-05,0.00015845111234247256
WO2007095976-A2,0.197230574499739,0.28486667362924945,0.19685631741294526,0.2845487748063135,0.99812734082397,0.0003742570867937278,0.00031789882293592475
US6923969-B2,0.197230574499739,0.28486667362924945,0.1971567213574268,0.28540582929048186,0.99812734082397,7.385314231220241e-05,-0.0005391556612324155
US8506969-B2,0.197230574499739,0.28486667362924945,0.1975351230536398,0.2854011326792105,0.99812734082397,-0.00030454855390080193,-0.000534459049961078
WO2021159985-A1,0.197230574499739,0.28486667362924945,0.19763425193032483,0.2859376009737203,0.9962546816479401,-0.00040367743058583594,-0.00107092734447084
US7320793-B2,0.197230574499739,0.28486667362924945,0.19728811374008434,0.28552438996218454,0.99812734082397,-5.753924034535007e-05,-0.0006577163329350988
US7232680-B2,0.197230574499739,0.28486667362924945,0.19725263080298808,0.28387738542375596,0.99812734082397,-2.205630324908503e-05,0.0009892882054934882
US10080804-B2,0.197230574499739,0.28486667362924945,0.19732936938287932,0.2807107011595107,0.99812734082397,-9.879488314032403e-05,0.004155972469738756
US6830748-B1,0.197230574499739,0.28486667362924945,0.1971130188403826,0.28529892306305804,0.9962546816479401,0.00011755565935639423,-0.0004322494338085958
US9295717-B2,0.197230574499739,0.28486667362924945,0.19742955430722478,0.28571382811385715,0.99812734082397,-0.00019897980748578847,-0.0008471544846077039
US6893643-B2,0.197230574499739,0.28486667362924945,0.19749316425366123,0.2857584988902352,0.99812734082397,-0.0002625897539222377,-0.0008918252609857458
EP1685844-B1,0.197230574499739,0.28486667362924945,0.19724312165542504,0.2854324022226752,0.99812734082397,-1.2547155686049027e-05,-0.0005657285934257406
US6521235-B2,0.197230574499739,0.28486667362924945,0.1971883444261222,0.28436374002192577,0.99812734082397,4.223007361678355e-05,0.0005029336073236745
EP1905844-A2,0.197230574499739,0.28486667362924945,0.19598607655121536,0.28393409097368033,0.9962546816479401,0.0012444979485236318,0.0009325826555691141
US8852927-B2,0.197230574499739,0.28486667362924945,0.19727193439230986,0.28637366962735716,0.99812734082397,-4.135989257086914e-05,-0.0015069959981077186
EP974660-A1,0.197230574499739,0.28486667362924945,0.19718636472789172,0.28666490955274343,0.99812734082397,4.420977184727004e-05,-0.0017982359234939849
US9402887-B2,0.197230574499739,0.28486667362924945,0.1971630786265472,0.28550018527030974,0.99812734082397,6.74958731917974e-05,-0.0006335116410602915
US10273269-B2,0.197230574499739,0.28486667362924945,0.19687276946955906,0.28350361683894704,0.99812734082397,0.0003578050301799307,0.0013630567903024082
WO2005025614-A3,0.197230574499739,0.28486667362924945,0.1974842357860334,0.2856512890269279,0.99812734082397,-0.000253661286294421,-0.0007846153976784342
US6852522-B1,0.197230574499739,0.28486667362924945,0.1971949322245394,0.28373897369997836,0.99812734082397,3.5642275199587736e-05,0.0011276999292710865
US7611712-B2,0.197230574499739,0.28486667362924945,0.1974360478426863,0.2854011326792105,0.99812734082397,-0.000205473342947321,-0.000534459049961078
US10434158-B2,0.197230574499739,0.28486667362924945,0.19656377737905337,0.2828026829769586,0.99812734082397,0.0006667971206856249,0.002063990652290848
US7588767-B2,0.197230574499739,0.28486667362924945,0.19730873061045978,0.2837834414273728,0.99812734082397,-7.815611072078954e-05,0.0010832322018766716
US8057806-B2,0.197230574499739,0.28486667362924945,0.19722061140318958,0.28435375060809076,0.99812734082397,9.963096549409078e-06,0.0005129230211586844
US8450298-B2,0.197230574499739,0.28486667362924945,0.19574279551219526,0.28515680791936543,0.9962546816479401,0.0014877789875437364,-0.00029013429011598424
EP1903054-A2,0.197230574499739,0.28486667362924945,0.19724632107637644,0.28550346936691307,0.99812734082397,-1.5746576637443166e-05,-0.0006367957376636202
WO2006029223-A3,0.197230574499739,0.28486667362924945,0.19719766667232158,0.2854834301714604,0.99812734082397,3.290782741741105e-05,-0.0006167565422109389
US2011293703-A1,0.197230574499739,0.28486667362924945,0.1972574154896345,0.285459204688502,0.99812734082397,-2.68409898954991e-05,-0.0005925310592525546
EP2055312-A1,0.197230574499739,0.28486667362924945,0.1971373589320503,0.28416261575422624,0.99812734082397,9.321556768868144e-05,0.0007040578750232007
US6921535-B2,0.197230574499739,0.28486667362924945,0.19710348588332197,0.2848723519277362,0.99812734082397,0.00012708861641702596,-5.678298486744282e-06
US6268199-B1,0.197230574499739,0.28486667362924945,0.197401480915194,0.28062447738052143,0.9962546816479401,-0.00017090641545500218,0.004242196248728014
US11406703-B2,0.197230574499739,0.28486667362924945,0.19685431338563442,0.2847432986933192,0.99812734082397,0.00037626111410457574,0.00012337493593023163
US8846348-B2,0.197230574499739,0.28486667362924945,0.19810747554178382,0.2853252685500673,0.9887640449438202,-0.0008769010420448253,-0.00045859492081784525
US7442379-B2,0.197230574499739,0.28486667362924945,0.19712126182948642,0.283642406802662,0.99812734082397,0.00010931267025257596,0.001224266826587439
US6033886-A,0.197230574499739,0.28486667362924945,0.19668126811479936,0.27845364912293974,0.9550561797752809,0.0005493063849396351,0.006413024506309706
WO2005047458-A3,0.197230574499739,0.28486667362924945,0.19739442037402516,0.28438345117372416,0.99812734082397,-0.00016384587428616704,0.00048322245552528953
US8529906-B2,0.197230574499739,0.28486667362924945,0.19667876167844617,0.28659549571056236,0.9962546816479401,0.0005518128212928242,-0.0017288220813129196
US10272150-B2,0.197230574499739,0.28486667362924945,0.1968229318853355,0.2856268948594731,0.99812734082397,0.00040764261440348615,-0.0007602212302236788
US6783939-B2,0.197230574499739,0.28486667362924945,0.19716125926929245,0.2835158800846344,0.99812734082397,6.93152304465372e-05,0.0013507935446150365
US6689367-B1,0.197230574499739,0.28486667362924945,0.1971066654573809,0.2850073896703145,0.99812734082397,0.00012390904235809463,-0.00014071604106508095
US8552165-B2,0.197230574499739,0.28486667362924945,0.198890137780797,0.28841945148614745,0.9887640449438202,-0.001659563281058013,-0.003552777856898004
WO2003059381-A3,0.197230574499739,0.28486667362924945,0.19701289489622523,0.2854637157370871,0.99812734082397,0.00021767960351376514,-0.0005970421078376753
US6573090-B1,0.197230574499739,0.28486667362924945,0.19740441252137278,0.2855982255592302,0.99812734082397,-0.0001738380216337876,-0.000731551929980756
US10047375-B2,0.197230574499739,0.28486667362924945,0.19720918474041424,0.28417429080480755,0.99812734082397,2.138975932475251e-05,0.000692382824441895
WO2006116458-A2,0.197230574499739,0.28486667362924945,0.1971919907634207,0.2870249491808592,0.9943820224719101,3.8583736318292816e-05,-0.002158275551609745
US6391632-B1,0.197230574499739,0.28486667362924945,0.19722342050190933,0.2841031288974324,0.99812734082397,7.153997829661973e-06,0.0007635447318170563
US7229624-B2,0.197230574499739,0.28486667362924945,0.19724134682645622,0.28416261575422624,0.99812734082397,-1.077232671722883e-05,0.0007040578750232007
US9254318-B2,0.197230574499739,0.28486667362924945,0.19718053645480757,0.2832289358650219,0.99812734082397,5.003804493142194e-05,0.0016377377642275426
WO2007126810-A3,0.197230574499739,0.28486667362924945,0.19722413804342995,0.2849870322732673,0.99812734082397,6.436456309044658e-06,-0.00012035864401788166
WO2003043587-A3,0.197230574499739,0.28486667362924945,0.19714777641749776,0.28548360180483157,0.99812734082397,8.279808224123664e-05,-0.000616928175582121
US6900302-B2,0.197230574499739,0.28486667362924945,0.19711735596483368,0.28541397670793656,0.99812734082397,0.00011321853490531275,-0.0005473030786871114
US6156558-A,0.197230574499739,0.28486667362924945,0.19697024818978184,0.2825485005201189,0.99812734082397,0.00026032630995714845,0.0023181731091305724
US7704720-B2,0.197230574499739,0.28486667362924945,0.19692585049412348,0.2854284904491823,0.99812734082397,0.00030472400561551427,-0.0005618168199328366
US9868691-B2,0.197230574499739,0.28486667362924945,0.19663858885302213,0.2848974634265533,0.99812734082397,0.0005919856467168638,-3.078979730386511e-05
WO2016116905-A1,0.197230574499739,0.28486667362924945,0.19711733637238804,0.28479859629897386,0.99812734082397,0.00011323812735095085,6.807733027558438e-05
US6500419-B1,0.197230574499739,0.28486667362924945,0.19423484275220615,0.2840461298186451,0.99812734082397,0.0029957317475328427,0.0008205438106043683
US7704509-B2,0.197230574499739,0.28486667362924945,0.1970649399677718,0.2853168309063534,0.99812734082397,0.00016563453196719036,-0.0004501572771039575
EP1526185-A1,0.197230574499739,0.28486667362924945,0.19734327093756976,0.2832844823918284,0.99812734082397,-0.0001126964378307671,0.0015821912374210378
