Source,Target,Weight
US9238716-B2,EP2532649-A1,1
US9238716-B2,US8450298-B2,1
US9238716-B2,US8969353-B2,1
US8969353-B2,EP2365962-A2,1
US8969353-B2,US8450298-B2,1
WO2008014979-A3,WO2006116458-A2,1
US5993824-A,US5716821-A,1
US6264957-B1,US5716821-A,1
US6689367-B1,US5716821-A,1
US6689367-B1,US5840520-A,1
US6689367-B1,US5869036-A,1
US6689367-B1,US6264957-B1,1
US6699476-B1,US5716821-A,1
US6699476-B1,US5869036-A,1
US6699476-B1,US5993824-A,1
US6699476-B1,US6033886-A,1
US6699476-B1,US6264957-B1,1
US7465794-B2,US5716821-A,1
US7465794-B2,US5869036-A,1
US7465794-B2,US5993824-A,1
US7465794-B2,US6033886-A,1
US7842798-B2,US5993824-A,1
US7842798-B2,US6264957-B1,1
US7842798-B2,US6689367-B1,1
US7842798-B2,US7465794-B2,1
US8748103-B2,US6087096-A,1
US8748103-B2,WO2012048340-A3,1
US6146642-A,US5716821-A,1
US7192593-B2,US5869036-A,1
US7192593-B2,US5993824-A,1
US7192593-B2,US6264957-B1,1
US7192593-B2,US6689367-B1,1
US7192593-B2,US6699476-B1,1
US7238481-B2,US5869036-A,1
US7341729-B2,US6764685-B1,1
US7341729-B2,US6811784-B2,1
US7341729-B2,US5869036-A,1
US7449324-B2,EP780475-A1,1
US7449324-B2,US5869036-A,1
US7449324-B2,US6146642-A,1
US7678376-B2,US5869036-A,1
US7678376-B2,US6033886-A,1
US7678376-B2,US6764685-B1,1
US7678376-B2,US6811784-B2,1
US7678376-B2,US7238481-B2,1
US7678376-B2,US7341729-B2,1
US7704509-B2,US5993824-A,1
US7704509-B2,US6699476-B1,1
US7704720-B2,EP780475-A1,1
US7704720-B2,US5869036-A,1
US7704720-B2,US6146642-A,1
US8084037-B2,US5869036-A,1
US8084037-B2,US6033886-A,1
US8084037-B2,US6764685-B1,1
US8084037-B2,US6811784-B2,1
US8084037-B2,US7238481-B2,1
US8084037-B2,US7341729-B2,1
US8841433-B2,EP780475-A1,1
US8841433-B2,US5869036-A,1
US8841433-B2,US6033886-A,1
US8841433-B2,US6146642-A,1
US8841433-B2,US7449324-B2,1
US8841433-B2,US7704509-B2,1
US8841433-B2,WO2003043587-A3,1
US8841433-B2,WO2003072720-A3,1
US8841433-B2,WO2003097089-A3,1
US9567653-B2,EP780475-A1,1
US9567653-B2,US5869036-A,1
US9567653-B2,US6033886-A,1
US9567653-B2,US6146642-A,1
US9567653-B2,US7449324-B2,1
US9567653-B2,US7704509-B2,1
US9567653-B2,WO2003043587-A3,1
US9567653-B2,WO2003072720-A3,1
US9567653-B2,WO2003097089-A3,1
US6936252-B2,US6420135-B1,1
US7709007-B2,US5716821-A,1
US7709007-B2,US5869036-A,1
US7709007-B2,US5993824-A,1
US7709007-B2,US6033886-A,1
US7709007-B2,US6264957-B1,1
US7709007-B2,US6699476-B1,1
US6923971-B2,US6264957-B1,1
US7662397-B2,US5993824-A,1
US7662397-B2,US6264957-B1,1
US7662397-B2,US6689367-B1,1
US7662397-B2,US6699476-B1,1
US7662397-B2,US6713066-B1,1
US7662397-B2,US6923971-B2,1
US8028532-B2,US7104074-B2,1
US6265188-B1,US5882892-A,1
US8961960-B2,WO2011139799-A3,1
US8961960-B2,WO2011139854-A3,1
US8961960-B2,WO2011139986-A3,1
US7368556-B2,US7029845-B2,1
US8357791-B2,US7029845-B2,1
US8357791-B2,US7368556-B2,1
US8968746-B2,EP1905844-A2,1
US8968746-B2,WO2006116458-A2,1
US8968746-B2,WO2003028656-A3,1
US8968746-B2,WO2003059381-A3,1
US8968746-B2,WO2004092329-A3,1
US8968746-B2,WO2006029223-A3,1
US9421255-B2,US8968746-B2,1
US9421255-B2,EP1905844-A2,1
US8604179-B2,EP1801209-A1,1
US2011293703-A1,US8450298-B2,1
US9556110-B2,US8450298-B2,1
US9556110-B2,US8969353-B2,1
US9556110-B2,EP2532649-A1,1
US10189802-B2,US8450298-B2,1
US10189802-B2,US8969353-B2,1
US10189802-B2,US9556110-B2,1
US10189802-B2,EP2532649-A1,1
US10189802-B2,US9238716-B2,1
US10189802-B2,US9439968-B2,1
US10189802-B2,US9512073-B2,1
US10189802-B2,WO2005055979-A2,1
US9439968-B2,EP2532649-A1,1
US9439968-B2,EP2365962-A2,1
US9439968-B2,US8450298-B2,1
US9439968-B2,US8969353-B2,1
US9512073-B2,EP2532649-A1,1
US9512073-B2,EP2365962-A2,1
US9512073-B2,US8450298-B2,1
US9512073-B2,US8969353-B2,1
US9512073-B2,US9238716-B2,1
US6156558-A,US5639650-A,1
US6156558-A,US5766602-A,1
US6531135-B1,US5639650-A,1
US6531135-B1,US5766602-A,1
US6531135-B1,US6156558-A,1
US6541010-B1,US5639650-A,1
US6541010-B1,US5766602-A,1
US6521235-B2,US5639650-A,1
US6521235-B2,US5766602-A,1
US6521235-B2,US6156558-A,1
US7045335-B2,US5639650-A,1
US7045335-B2,US5766602-A,1
US7045335-B2,US6156558-A,1
US7045335-B2,US6261570-B1,1
US7045335-B2,US6391632-B1,1
US7045335-B2,US6426196-B1,1
US7045335-B2,US6531135-B1,1
US7045335-B2,US6541010-B1,1
US7045335-B2,US6495143-B2,1
US7045335-B2,US6521235-B2,1
US7045335-B2,US6767699-B2,1
US7045335-B2,US6783939-B2,1
US7537768-B2,US7105574-B1,1
US7537768-B2,US7250404-B2,1
US7862829-B2,US5639650-A,1
US7862829-B2,US5766602-A,1
US7862829-B2,US6156558-A,1
US7862829-B2,US6531135-B1,1
US7862829-B2,US6541010-B1,1
US7862829-B2,US6521235-B2,1
US7862829-B2,US6783939-B2,1
US7862829-B2,US7045335-B2,1
US8828961-B2,US6156558-A,1
US8828961-B2,US6531135-B1,1
US8828961-B2,US6541010-B1,1
US8828961-B2,US6521235-B2,1
US8828961-B2,US7045335-B2,1
US8828961-B2,US7537768-B2,1
US8828961-B2,US7862829-B2,1
US9650634-B2,US6156558-A,1
US9650634-B2,US6531135-B1,1
US9650634-B2,US6541010-B1,1
US9650634-B2,US6521235-B2,1
US9650634-B2,US7045335-B2,1
US9650634-B2,US7537768-B2,1
US9650634-B2,US7862829-B2,1
US10004797-B2,US6156558-A,1
US10004797-B2,US6531135-B1,1
US10004797-B2,US6541010-B1,1
US10004797-B2,US6521235-B2,1
US10004797-B2,US7045335-B2,1
US10004797-B2,US7537768-B2,1
US10004797-B2,US7862829-B2,1
US8592205-B2,EP1012295-B1,1
US9309289-B2,EP1012295-B1,1
US9944952-B2,US8592205-B2,1
US9944952-B2,US9309289-B2,1
US9944952-B2,EP1012295-B1,1
US10655145-B2,US9944952-B2,1
US10655145-B2,EP1012295-B1,1
US10655145-B2,US8592205-B2,1
US10655145-B2,US9309289-B2,1
US10669315-B2,US8592205-B2,1
US10669315-B2,US9309289-B2,1
US10669315-B2,US9944952-B2,1
US10722564-B2,US8592205-B2,1
US10722564-B2,US9309289-B2,1
US10722564-B2,US9944952-B2,1
US9101653-B2,US8597661-B2,1
US10513692-B2,US9101653-B2,1
US10513692-B2,EP2747778-B1,1
US10513692-B2,US7723094-B2,1
US10513692-B2,US8597661-B2,1
US10513692-B2,WO2008147496-A3,1
US7723094-B2,US6544785-B1,1
US7723094-B2,WO2005028658-A2,1
US10494613-B2,EP2747778-B1,1
US10494613-B2,US7723094-B2,1
US10494613-B2,US8597661-B2,1
US10494613-B2,US9101653-B2,1
US10494613-B2,WO2008147496-A3,1
US9399770-B2,WO2011139799-A3,1
US9399770-B2,WO2011139854-A3,1
US9399770-B2,WO2011139986-A3,1
US9987311-B2,US9839655-B2,1
US10058574-B2,US9987311-B2,1
US10080772-B2,US9839655-B2,1
US10086021-B2,US9839655-B2,1
US8124747-B2,US5514539-A,1
US8124747-B2,US7084266-B1,1
US7084266-B1,US5874565-A,1
US10117934-B2,EP2532649-A1,1
US10117934-B2,US8450298-B2,1
US10117934-B2,US8969353-B2,1
US10117934-B2,US9238716-B2,1
US10117934-B2,US9439968-B2,1
US10117934-B2,US9512073-B2,1
US10117934-B2,US9556110-B2,1
US10117934-B2,WO2005055979-A2,1
US10117934-B2,WO2012135025-A3,1
US9511135-B2,US7517520-B2,1
US7122180-B2,US6080408-A,1
US7122180-B2,US6121021-A,1
US7319006-B2,US6329503-B1,1
WO2003022995-A3,US6329503-B1,1
US10421967-B2,EP2512491-A4,1
US10767181-B2,EP2512491-A4,1
US10767181-B2,US10421967-B2,1
US10166283-B2,US9234013-B2,1
US10166283-B2,US8968746-B2,1
US10166283-B2,US9155788-B2,1
US10166283-B2,US9839697-B2,1
US9155788-B2,DE10229872-A1,1
US9155788-B2,EP1604688-A1,1
US9155788-B2,US6664066-B2,1
US9155788-B2,WO2003028656-A3,1
US9155788-B2,WO2003051401-A3,1
US9155788-B2,WO2003059381-A3,1
US9155788-B2,WO2003086280-A3,1
US9155788-B2,WO2004092329-A3,1
US9839697-B2,US8968746-B2,1
US9839697-B2,US9155788-B2,1
US10682406-B2,US10166283-B2,1
US10682406-B2,US8968746-B2,1
US10682406-B2,US9155788-B2,1
US10682406-B2,US9234013-B2,1
US10682406-B2,US9839697-B2,1
US10428070-B2,US10189846-B2,1
US10912826-B2,US8968746-B2,1
US10912826-B2,US9155788-B2,1
US10912826-B2,US9234013-B2,1
US10912826-B2,US9839697-B2,1
US10912826-B2,US10166283-B2,1
US10912826-B2,US10682406-B2,1
US8715640-B2,US7611712-B2,1
US8715640-B2,US7771979-B2,1
US7771979-B2,US5766602-A,1
US9528103-B2,US8961960-B2,1
US9528103-B2,WO2011139799-A3,1
US9528103-B2,WO2011139854-A3,1
US9528103-B2,WO2011139986-A3,1
US9683233-B2,US8968746-B2,1
US9683233-B2,US9155788-B2,1
US10047375-B2,US8968746-B2,1
US10047375-B2,US9155788-B2,1
US10738306-B2,US9683233-B2,1
US10738306-B2,US10047375-B2,1
US10738306-B2,US8968746-B2,1
US10738306-B2,US9155788-B2,1
US10738306-B2,US9234013-B2,1
US10738306-B2,US9839697-B2,1
US6500662-B1,US6268199-B1,1
US7132106-B2,US6268199-B1,1
US7232680-B2,US6268199-B1,1
US7618797-B2,US6500662-B1,1
US7618797-B2,US7132106-B2,1
US7618797-B2,US7232680-B2,1
US7618797-B2,US6268199-B1,1
US7691389-B2,US6268199-B1,1
US7691389-B2,US6500662-B1,1
US7691389-B2,US7132106-B2,1
US7691389-B2,US7232680-B2,1
US8481705-B2,US6268199-B1,1
US8481705-B2,US6500662-B1,1
US8481705-B2,US7132106-B2,1
US8481705-B2,US7232680-B2,1
US8492132-B2,US6268199-B1,1
US8492132-B2,US6500662-B1,1
US8492132-B2,US7132106-B2,1
US8492132-B2,US7232680-B2,1
US8492132-B2,US7618797-B2,1
US8492132-B2,US7691389-B2,1
CN104302316-A,US6500662-B1,1
US10383934-B2,US8420373-B2,1
US10383934-B2,US6033886-A,1
US10383934-B2,US6268199-B1,1
US10383934-B2,US6500662-B1,1
US10383934-B2,US7132106-B2,1
US10383934-B2,US7232680-B2,1
US10383934-B2,US7618797-B2,1
US10383934-B2,US7691389-B2,1
US10383934-B2,US8481705-B2,1
US10383934-B2,US8492132-B2,1
US11351244-B2,US6033886-A,1
US11351244-B2,US6268199-B1,1
US11351244-B2,US6500662-B1,1
US11351244-B2,US7132106-B2,1
US11351244-B2,US7232680-B2,1
US11351244-B2,US7618797-B2,1
US11351244-B2,US7691389-B2,1
US11351244-B2,US8420373-B2,1
US11351244-B2,US8481705-B2,1
US11351244-B2,US8492132-B2,1
US11351244-B2,US9566324-B2,1
US9566324-B2,US6033886-A,1
US9566324-B2,US6268199-B1,1
US9566324-B2,US6500662-B1,1
US9566324-B2,US7132106-B2,1
US9566324-B2,US7232680-B2,1
US9566324-B2,US7618797-B2,1
US9566324-B2,US7691389-B2,1
US11351239-B2,US6033886-A,1
US11351239-B2,US6268199-B1,1
US11351239-B2,US6500662-B1,1
US11351239-B2,US7132106-B2,1
US11351239-B2,US7232680-B2,1
US11351239-B2,US7618797-B2,1
US11351239-B2,US7691389-B2,1
US11351239-B2,US8420373-B2,1
US11351239-B2,US8481705-B2,1
US11351239-B2,US8492132-B2,1
US11351239-B2,US9566324-B2,1
US11090376-B2,US10383934-B2,1
US11090376-B2,US6033886-A,1
US11090376-B2,US6268199-B1,1
US11090376-B2,US6500662-B1,1
US11090376-B2,US7132106-B2,1
US11090376-B2,US7232680-B2,1
US11090376-B2,US7618797-B2,1
US11090376-B2,US7691389-B2,1
US11090376-B2,US8420373-B2,1
US11090376-B2,US8481705-B2,1
US11090376-B2,US8492132-B2,1
US11090376-B2,US9566324-B2,1
US7335363-B2,US6589533-B1,1
US8652465-B2,US7041474-B2,1
US8652465-B2,WO2004000221-A3,1
EP2958994-B1,WO2009016433-A3,1
WO2009016433-A3,EP1549756-A2,1
US7745130-B2,US6555311-B1,1
US7846663-B2,US6555311-B1,1
US7544362-B1,US6268199-B1,1
US11351243-B2,US6500662-B1,1
US11351243-B2,US7132106-B2,1
US11351243-B2,US7232680-B2,1
US11351243-B2,US7618797-B2,1
US11351243-B2,US7691389-B2,1
US11351243-B2,US8481705-B2,1
US11351243-B2,US8492132-B2,1
US11351243-B2,US8895025-B2,1
US11351243-B2,US9566324-B2,1
US8895025-B2,US6268199-B1,1
US8895025-B2,US6500662-B1,1
US8895025-B2,US7132106-B2,1
US8895025-B2,US7232680-B2,1
US8895025-B2,US7618797-B2,1
US8895025-B2,US7691389-B2,1
US8188261-B2,WO2003086280-A3,1
US8362233-B2,WO2003086280-A3,1
US10738100-B2,US8080634-B2,1
US10738100-B2,US8669230-B2,1
US10738100-B2,US9889159-B2,1
US9254318-B2,AU2012204138-B2,1
US9254318-B2,US6544785-B1,1
US9254318-B2,US7507411-B2,1
US9254318-B2,US8475806-B2,1
US9254318-B2,WO2007126810-A2,1
US6544785-B1,EP780475-A1,1
US6544785-B1,US5716821-A,1
US6544785-B1,US5840520-A,1
US6544785-B1,US6033886-A,1
US6544785-B1,US6146642-A,1
US7507411-B2,US6951754-B2,1
US7507411-B2,US6974686-B2,1
US8475806-B2,US5716821-A,1
US8475806-B2,US5840520-A,1
US8475806-B2,US6033886-A,1
US8475806-B2,US6146642-A,1
US7087215-B2,US6017545-A,1
US7087215-B2,US6193997-B1,1
US7087215-B2,US6221378-B1,1
US7087215-B2,US6271200-B1,1
US7087215-B2,US6294153-B1,1
US7087215-B2,US6312665-B1,1
US7087215-B2,US6375975-B1,1
US7087215-B2,US6436367-B1,1
US7087215-B2,US6451286-B1,1
US7381814-B1,EP1400592-A1,1
US7381814-B1,US6420135-B1,1
US7381814-B1,US6887663-B1,1
US7381814-B1,US6936252-B2,1
US6887663-B1,US6420135-B1,1
US10744167-B2,US9987311-B2,1
US10744167-B2,US10046015-B2,1
US10744167-B2,US10058574-B2,1
US10744167-B2,US10080772-B2,1
US10744167-B2,US10086021-B2,1
US10610548-B2,US10080772-B2,1
US10610548-B2,US9839655-B2,1
US10610548-B2,US9987311-B2,1
US10610548-B2,US10046015-B2,1
US10610548-B2,US10058574-B2,1
US10610548-B2,US10086021-B2,1
US10610549-B2,US10080772-B2,1
US10610549-B2,US9839655-B2,1
US10610549-B2,US9987311-B2,1
US10610549-B2,US10046015-B2,1
US10610549-B2,US10058574-B2,1
US10610549-B2,US10086021-B2,1
US7888112-B2,US7410795-B2,1
US8278093-B2,US7410795-B2,1
US8278093-B2,US7888112-B2,1
US8673317-B2,US7410795-B2,1
US8673317-B2,US7888112-B2,1
US9764031-B2,US7501134-B2,1
US9764031-B2,US7517520-B2,1
US9764031-B2,US8629151-B2,1
US7431933-B2,US6555311-B1,1
US7931907-B2,US6555311-B1,1
US7931907-B2,US7431933-B2,1
US7244827-B2,US6943235-B1,1
US7935491-B2,US6943235-B1,1
US7935491-B2,US7244827-B2,1
US8124741-B2,US6943235-B1,1
US8124741-B2,US7244827-B2,1
US10232024-B2,US9839697-B2,1
US10232024-B2,US8968746-B2,1
US10232024-B2,US9155788-B2,1
US10232024-B2,US9234013-B2,1
AU757357-B,US6407218-B1,1
US7229841-B2,US6274552-B1,1
US7387900-B2,US6274552-B1,1
US7790167-B2,AU757357-B,1
US7790167-B2,AU760035-B,1
US7790167-B2,EP1401376-A2,1
US7790167-B2,EP1039933-B1,1
US7790167-B2,US6274552-B1,1
US7790167-B2,US6407218-B1,1
US7790167-B2,US7229841-B2,1
US7790167-B2,US7387900-B2,1
US10738355-B2,CN103608033-B,1
US10738355-B2,EP3473267-A1,1
US10738355-B2,WO2010066418-A1,1
US10738355-B2,WO2007025760-A2,1
US10738355-B2,WO2012159754-A3,1
US6719979-B2,US6033886-A,1
US6719979-B2,US6146642-A,1
US6923970-B2,US6080408-A,1
US6923970-B2,US6121021-A,1
US6923970-B2,US6451322-B1,1
US6923970-B2,US6544527-B1,1
US6669943-B1,EP780475-A1,1
US6468544-B1,EP780475-A1,1
US6852522-B1,EP780475-A1,1
US6800288-B2,US6669943-B1,1
US6866853-B2,US6468544-B1,1
US6866853-B2,EP780475-A1,1
US7494808-B2,EP780475-A1,1
US7494808-B2,EP780475-B1,1
US7494808-B2,US6468544-B1,1
US7494808-B2,US6852522-B1,1
US7494808-B2,US6866853-B2,1
US7588768-B2,EP780475-A1,1
US7588768-B2,EP780475-B1,1
US7588768-B2,US6146642-A,1
US7588768-B2,US6468544-B1,1
US7588768-B2,US6544785-B1,1
US7588768-B2,US6669943-B1,1
US7588768-B2,US6852522-B1,1
US7588768-B2,US6800288-B2,1
US7588768-B2,US6866853-B2,1
US7588768-B2,US7494808-B2,1
US8063195-B2,US6180109-B1,1
US7893238-B2,EP1400592-A1,1
US7893238-B2,EP1615950-A2,1
US7893238-B2,US6420135-B1,1
US7893238-B2,US6887663-B1,1
US7893238-B2,US7381814-B1,1
US7893238-B2,US7385047-B1,1
US7893238-B2,US6936252-B2,1
US7893238-B2,US7326544-B2,1
US7893238-B2,US7335493-B2,1
US7893238-B2,US7335494-B2,1
US7893238-B2,US7338786-B2,1
US7893238-B2,US7378258-B2,1
US7893238-B2,US7381815-B2,1
US7893238-B2,US7381816-B2,1
US7893238-B2,US7388090-B2,1
US7893238-B2,US7390493-B2,1
US7893238-B2,US7396532-B2,1
US7893238-B2,US7404958-B2,1
US7893238-B2,US7405291-B2,1
US7893238-B2,US7442523-B2,1
US7385047-B1,EP1400592-A1,1
US7385047-B1,US6420135-B1,1
US7385047-B1,US6887663-B1,1
US7385047-B1,US6936252-B2,1
US7326544-B2,EP1400592-A1,1
US7326544-B2,US6420135-B1,1
US7326544-B2,US6887663-B1,1
US7326544-B2,US6936252-B2,1
US7335493-B2,EP1400592-A1,1
US7335493-B2,US6420135-B1,1
US7335493-B2,US6887663-B1,1
US7335493-B2,US6936252-B2,1
US7335494-B2,US6420135-B1,1
US7335494-B2,EP1400592-A1,1
US7335494-B2,US6887663-B1,1
US7335494-B2,US6936252-B2,1
US7338786-B2,US6420135-B1,1
US7338786-B2,EP1400592-A1,1
US7338786-B2,US6887663-B1,1
US7338786-B2,US6936252-B2,1
US7378258-B2,US6420135-B1,1
US7378258-B2,EP1400592-A1,1
US7378258-B2,US6887663-B1,1
US7378258-B2,US6936252-B2,1
US7381815-B2,EP1400592-A1,1
US7381815-B2,US6420135-B1,1
US7381815-B2,US6887663-B1,1
US7381815-B2,US6936252-B2,1
US7381816-B2,EP1400592-A1,1
US7381816-B2,US6420135-B1,1
US7381816-B2,US6887663-B1,1
US7381816-B2,US6936252-B2,1
US7388090-B2,EP1400592-A1,1
US7388090-B2,US6420135-B1,1
US7388090-B2,US6887663-B1,1
US7388090-B2,US6936252-B2,1
US7390493-B2,EP1400592-A1,1
US7390493-B2,US6420135-B1,1
US7390493-B2,US6887663-B1,1
US7390493-B2,US6936252-B2,1
US7396532-B2,EP1400592-A1,1
US7396532-B2,US6420135-B1,1
US7396532-B2,US6887663-B1,1
US7396532-B2,US6936252-B2,1
US7404958-B2,EP1400592-A1,1
US7404958-B2,US6420135-B1,1
US7404958-B2,US6887663-B1,1
US7404958-B2,US6936252-B2,1
US7405291-B2,EP1400592-A1,1
US7405291-B2,US6420135-B1,1
US7405291-B2,US6887663-B1,1
US7405291-B2,US6936252-B2,1
US7442523-B2,EP1400592-A1,1
US7442523-B2,US6420135-B1,1
US7442523-B2,US6887663-B1,1
US7442523-B2,US6936252-B2,1
US6790449-B2,US5716821-A,1
US7220728-B2,US6348449-B1,1
US8617547-B2,US7597890-B2,1
US8617547-B2,US7858323-B2,1
US9267133-B2,US7597890-B2,1
US9267133-B2,US7858323-B2,1
US9267133-B2,US8617547-B2,1
US10202384-B2,WO2007024707-A3,1
US10508117-B2,US8637036-B2,1
US10508117-B2,WO2016007765-A1,1
US10508117-B2,WO2007024707-A3,1
WO2016007765-A1,US7364744-B2,1
US6932971-B2,US5766602-A,1
US7115266-B2,US5766602-A,1
US7128911-B2,US5766602-A,1
US7264810-B2,US5766602-A,1
US7279165-B2,US5766602-A,1
US7279165-B2,US6827937-B2,1
US7279165-B2,US6932971-B2,1
US7279165-B2,US7115266-B2,1
US7279165-B2,US7128911-B2,1
US7320793-B2,US5766602-A,1
US9670466-B2,US9249395-B2,1
US8097459-B2,EP780475-A1,1
US8097459-B2,US5690937-A,1
US8097459-B2,US5716821-A,1
US8097459-B2,US5840520-A,1
US8097459-B2,US6033886-A,1
US8097459-B2,US6146642-A,1
US11266727-B2,US8592205-B2,1
US11266727-B2,US9309289-B2,1
US11266727-B2,US9944952-B2,1
US11266727-B2,US10669315-B2,1
US11266727-B2,US10722564-B2,1
US7648708-B2,US6420135-B1,1
US7648708-B2,US6936252-B2,1
US8003775-B2,EP1400592-A1,1
US8003775-B2,US6420135-B1,1
US8003775-B2,US6887663-B1,1
US8003775-B2,US7128918-B1,1
US8003775-B2,US7381814-B1,1
US8003775-B2,US7385047-B1,1
US8003775-B2,US6936252-B2,1
US8003775-B2,US7338786-B2,1
US8003775-B2,US7388090-B2,1
US8003775-B2,US7390493-B2,1
US8003775-B2,US7396532-B2,1
US8003775-B2,US7404958-B2,1
US8003775-B2,US7405291-B2,1
US8003775-B2,US7442523-B2,1
US8003775-B2,US7648708-B2,1
US9139554-B2,US7803397-B2,1
US9139554-B2,US8101741-B2,1
US8790655-B2,WO2007024707-A3,1
US8790655-B2,WO2008115319-A3,1
WO2007095976-A2,WO2006116458-A2,1
US7091192-B1,US6509323-B1,1
US7091192-B1,US6884789-B2,1
US10155031-B2,WO2010066418-A1,1
US10155031-B2,WO2007025760-A2,1
US10155031-B2,WO2012159754-A3,1
US7402429-B1,US5840520-A,1
US7402429-B1,US6033886-A,1
US7312064-B2,US5840520-A,1
US7312064-B2,US6951754-B2,1
US7566458-B2,EP780475-A1,1
US7566458-B2,US5690937-A,1
US7566458-B2,US5716821-A,1
US7566458-B2,US5840520-A,1
US7566458-B2,US6033886-A,1
US7566458-B2,US6146642-A,1
US7993924-B2,US5840520-A,1
US7993924-B2,US6033886-A,1
US8093033-B2,US5690937-A,1
US8093033-B2,US5716821-A,1
US8093033-B2,US5840520-A,1
US8093033-B2,US6033886-A,1
US8093033-B2,US6146642-A,1
US8093033-B2,US6649372-B1,1
US8093033-B2,US6951754-B2,1
US8574593-B2,EP780475-A1,1
US8574593-B2,US5690937-A,1
US8574593-B2,US5716821-A,1
US8574593-B2,US5840520-A,1
US8574593-B2,US6033886-A,1
US8574593-B2,US6146642-A,1
US8574593-B2,US6951754-B2,1
US8574593-B2,US7566458-B2,1
US8574593-B2,WO2006098901-A3,1
US8591914-B2,EP780475-A1,1
US8591914-B2,US5690937-A,1
US8591914-B2,US5716821-A,1
US8591914-B2,US5840520-A,1
US8591914-B2,US6033886-A,1
US8591914-B2,US6146642-A,1
US8591914-B2,US6951754-B2,1
US8591914-B2,US7566458-B2,1
US8591914-B2,WO2006098901-A3,1
US9474798-B2,US6169175-B1,1
US9474798-B2,US8057806-B2,1
US9890363-B2,AU2012204138-B2,1
US9890363-B2,CN1826407-B,1
US9890363-B2,US5716821-A,1
US9890363-B2,US5840520-A,1
US9890363-B2,US6033886-A,1
US9890363-B2,US6146642-A,1
US9890363-B2,US6169175-B1,1
US9890363-B2,US6544785-B1,1
US9890363-B2,US6951754-B2,1
US9890363-B2,US7312064-B2,1
US9890363-B2,US7507411-B2,1
US9890363-B2,US7566458-B2,1
US9890363-B2,US7993924-B2,1
US9890363-B2,US8057806-B2,1
US9890363-B2,US8093033-B2,1
US9890363-B2,US8475806-B2,1
US9890363-B2,US8574593-B2,1
US9890363-B2,US8591914-B2,1
US9890363-B2,US9254318-B2,1
US9890363-B2,US9474798-B2,1
US9890363-B2,WO2013034069-A1,1
US9890363-B2,WO2007126810-A2,1
US9890363-B2,WO2007126810-A3,1
US10246686-B2,AU2012204138-B2,1
US10246686-B2,CN1826407-B,1
US10246686-B2,US5716821-A,1
US10246686-B2,US5840520-A,1
US10246686-B2,US6033886-A,1
US10246686-B2,US6146642-A,1
US10246686-B2,US6169175-B1,1
US10246686-B2,US6544785-B1,1
US10246686-B2,US6951754-B2,1
US10246686-B2,US7312064-B2,1
US10246686-B2,US7507411-B2,1
US10246686-B2,US7566458-B2,1
US10246686-B2,US7993924-B2,1
US10246686-B2,US8057806-B2,1
US10246686-B2,US8093033-B2,1
US10246686-B2,US8475806-B2,1
US10246686-B2,US8574593-B2,1
US10246686-B2,US8591914-B2,1
US10246686-B2,US9254318-B2,1
US10246686-B2,US9474798-B2,1
US10246686-B2,US9890363-B2,1
US10246686-B2,WO2013034069-A1,1
US10246686-B2,WO2007126810-A2,1
US10246686-B2,WO2004112831-A3,1
US10246686-B2,WO2007126810-A3,1
US10246686-B2,WO2008156778-A3,1
US8207123-B2,US7803379-B2,1
EP974660-A1,EP780475-A1,1
US7332169-B2,EP780475-A1,1
US7332169-B2,US6033886-A,1
US7332169-B2,US6146642-A,1
US7547442-B2,EP780475-A1,1
US7547442-B2,US6033886-A,1
US7547442-B2,US6146642-A,1
US6923969-B2,US6033886-A,1
US7179473-B2,EP1203813-A2,1
US5871962-A,US5514539-A,1
US7959928-B2,US6251678-B1,1
US7959928-B2,US6932971-B2,1
US7959928-B2,US7115266-B2,1
US7959928-B2,US7128911-B2,1
US7959928-B2,US7264810-B2,1
US7959928-B2,US7279165-B2,1
US7959928-B2,US7320793-B2,1
US42524-E,AU760035-B,1
US42524-E,AU2003204353-B2,1
US42524-E,EP1401376-A2,1
US42524-E,EP1039933-B1,1
US42524-E,EP1044022-B1,1
US42524-E,US6274552-B1,1
US42524-E,US6407218-B1,1
US42524-E,US6528051-B2,1
US42524-E,US7229841-B2,1
US42524-E,WO2005072893-A1,1
US7935352-B2,US7628993-B2,1
US8293248-B2,US7628993-B2,1
US8293248-B2,US7879339-B2,1
US8840903-B2,US6586409-B1,1
US8840903-B2,US7628993-B2,1
US8840903-B2,US7879339-B2,1
US8840903-B2,US7935352-B2,1
US8840903-B2,US8293248-B2,1
US8852611-B2,US6586409-B1,1
US8852611-B2,US7628993-B2,1
US8852611-B2,US7879339-B2,1
US8852611-B2,US7935352-B2,1
US8852611-B2,US8293248-B2,1
US8889150-B2,EP2547361-A1,1
US9566322-B2,US8889150-B2,1
US10029004-B2,US9566322-B2,1
US10029004-B2,US8889150-B2,1
US10576139-B2,US8889150-B2,1
US8299210-B2,WO2005051985-A3,1
US9476033-B2,US6146642-A,1
US6740740-B2,US6033895-A,1
US6740740-B2,US6037456-A,1
US6740740-B2,US6303779-B1,1
US7740852-B2,US7579446-B2,1
US8273527-B2,US7291453-B1,1
US7229624-B2,US5766602-A,1
US7229624-B2,US6827937-B2,1
US8168783-B2,EP1961744-A1,1
US10117941-B2,US8999351-B2,1
US10117941-B2,US9186325-B2,1
US10117941-B2,US9220683-B2,1
US7588767-B2,EP1512746-A1,1
US7588767-B2,EP1526185-A1,1
US7588767-B2,US6589531-B1,1
US7588767-B2,WO2005047458-A2,1
US8221769-B2,EP1512746-A1,1
US8221769-B2,EP1526185-A1,1
US8221769-B2,US6448073-B1,1
US8221769-B2,US6589531-B1,1
US8221769-B2,US7588767-B2,1
US8221769-B2,US8066984-B2,1
US8221769-B2,WO2005047458-A3,1
US8221769-B2,WO2008100292-A3,1
US8066984-B2,EP1512746-A1,1
US8066984-B2,EP1526185-A1,1
US8066984-B2,US6589531-B1,1
US8066984-B2,US7588767-B2,1
US8066984-B2,WO2008073148-A3,1
US8066984-B2,WO2008100292-A3,1
EP1512746-A1,US6589531-B1,1
EP1526185-A1,US6589531-B1,1
US7763420-B2,EP1512746-A1,1
US7763420-B2,EP1526185-A1,1
US7763420-B2,US6589531-B1,1
US9005602-B2,EP1512746-A1,1
US9005602-B2,EP1526185-A1,1
US9005602-B2,US6589531-B1,1
US9005602-B2,US7588767-B2,1
US9005602-B2,US7763420-B2,1
US9005602-B2,US8066984-B2,1
US9005602-B2,US8221769-B2,1
US9005602-B2,WO2008073148-A3,1
US9005602-B2,WO2008100292-A3,1
US9944903-B2,EP1512746-A1,1
US9944903-B2,EP1526185-A1,1
US9944903-B2,US6296854-B1,1
US9944903-B2,US6589531-B1,1
US9944903-B2,US7470426-B1,1
US9944903-B2,US7588767-B2,1
US9944903-B2,US7763420-B2,1
US9944903-B2,US8043612-B2,1
US9944903-B2,US8066984-B2,1
US9944903-B2,US8105578-B2,1
US9944903-B2,US8221769-B2,1
US9944903-B2,US8852927-B2,1
US9944903-B2,US8865153-B2,1
US9944903-B2,US9005602-B2,1
US9944903-B2,WO2008073148-A3,1
US9944903-B2,WO2008100292-A3,1
US8105578-B2,US7731951-B2,1
US8852927-B2,EP1526185-A1,1
US8852927-B2,US6573090-B1,1
US8852927-B2,US6800288-B2,1
US8852927-B2,US7588767-B2,1
US8852927-B2,US7763420-B2,1
US8852927-B2,US8066984-B2,1
US8852927-B2,US8221769-B2,1
US8852927-B2,WO2005047458-A3,1
US8852927-B2,WO2005049846-A3,1
US8852927-B2,WO2008156655-A3,1
US8865153-B2,EP1526185-A1,1
US8865153-B2,US6573090-B1,1
US8865153-B2,US6800288-B2,1
US8865153-B2,US7588767-B2,1
US8865153-B2,US7763420-B2,1
US8865153-B2,US8066984-B2,1
US8865153-B2,US8221769-B2,1
US8865153-B2,WO2005047458-A3,1
US8865153-B2,WO2005049846-A3,1
US8865153-B2,WO2008156655-A3,1
US8227587-B2,US7641907-B2,1
US10633411-B2,US10336786-B2,1
US10633411-B2,US10508129-B2,1
US7452541-B2,US5766602-A,1
US7452541-B2,US6932971-B2,1
US8187607-B2,US5766602-A,1
US8187607-B2,US6932971-B2,1
US8187607-B2,US7452541-B2,1
US6274147-B1,US5871744-A,1
US6596280-B1,US5871744-A,1
US6596280-B1,US6274147-B1,1
US6936256-B2,US6274147-B1,1
US7537767-B2,US6627202-B2,1
US7666408-B2,US5766602-A,1
US7666408-B2,US6627202-B2,1
US7666408-B2,US6932971-B2,1
US7666408-B2,US7115266-B2,1
US7666408-B2,US7264810-B2,1
US7785873-B2,US5766602-A,1
US7785873-B2,US7264810-B2,1
US7959924-B2,US7572451-B2,1
EP2338510-A1,US5766602-A,1
US10836769-B2,US10328053-B2,1
US8080634-B2,WO2007028574-A2,1
US8669230-B2,WO2007028574-A2,1
EP3069728-A1,WO2007028574-A2,1
EP2172212-B1,WO2007028574-A2,1
EP2172212-B1,WO2008109757-A3,1
WO2016156230-A1,WO2007028574-A2,1
WO2017001491-A2,WO2007028573-A1,1
EP2172212-A2,WO2007028574-A2,1
US6793938-B2,US6066331-A,1
US7795017-B2,US6080408-A,1
US7795017-B2,US6121021-A,1
US7795017-B2,US6544527-B1,1
US6713068-B1,US6300118-B1,1
EP2650368-A1,WO2006116458-A2,1
US10760097-B2,US9862972-B2,1
US7465554-B2,US6846883-B2,1
US8076091-B2,US6846883-B2,1
US8076091-B2,US7465554-B2,1
US8425876-B2,US6846883-B2,1
US8425876-B2,US7465554-B2,1
US8425876-B2,US8076091-B2,1
US8507273-B2,US6846883-B2,1
US8507273-B2,US7465554-B2,1
US8507273-B2,US8076091-B2,1
US7342002-B2,US6541010-B1,1
WO2008156655-A3,WO2005047458-A2,1
US6565777-B2,US6309569-B1,1
US9149518-B2,US7388087-B2,1
US9993523-B2,US8119139-B2,1
US11077171-B2,US8119139-B2,1
US8961985-B2,WO2008109757-A3,1
US9993540-B2,WO2008109757-A3,1
US10046037-B2,WO2008109757-A3,1
US10047123-B2,WO2008109757-A3,1
US10047124-B2,US8961985-B2,1
US10047124-B2,WO2008109757-A3,1
US10100085-B2,WO2008109757-A3,1
US10227381-B2,WO2008109757-A3,1
US10919931-B2,WO2008109757-A3,1
US10941181-B2,WO2008109757-A3,1
US8298547-B2,WO2003024480-A3,1
US8298547-B2,WO2003024481-A3,1
US8298547-B2,WO2008020331-A3,1
US10633422-B2,AU2012204138-B2,1
US10633422-B2,CN109477074-A,1
US10633422-B2,CN1826407-B,1
US10633422-B2,US5716821-A,1
US10633422-B2,US5840520-A,1
US10633422-B2,US6033886-A,1
US10633422-B2,US6146642-A,1
US10633422-B2,US6169175-B1,1
US10633422-B2,US6544785-B1,1
US10633422-B2,US6951754-B2,1
US10633422-B2,US7312064-B2,1
US10633422-B2,US7507411-B2,1
US10633422-B2,US7566458-B2,1
US10633422-B2,US7993924-B2,1
US10633422-B2,US8057806-B2,1
US10633422-B2,US8093033-B2,1
US10633422-B2,US8475806-B2,1
US10633422-B2,US8574593-B2,1
US10633422-B2,US8591914-B2,1
US10633422-B2,US9254318-B2,1
US10633422-B2,US9474798-B2,1
US10633422-B2,US9890363-B2,1
US10633422-B2,US10246686-B2,1
US10633422-B2,WO2013034069-A1,1
US10633422-B2,WO2007126810-A2,1
US10633422-B2,WO2007126810-A3,1
US10633422-B2,WO2008156778-A3,1
US11585806-B2,US7074904-B2,1
US11585806-B2,WO2009106073-A3,1
US6193997-B1,US6017545-A,1
US6221378-B1,US6017545-A,1
US6231882-B1,US6017545-A,1
WO2012027379-A2,EP2228072-A1,1
WO2004022716-A3,US6033886-A,1
US9226959-B2,WO2006116458-A2,1
US9226959-B2,WO2003028656-A3,1
US9226959-B2,WO2003059381-A3,1
US9226959-B2,WO2003086280-A3,1
US9226959-B2,WO2004092329-A3,1
US9226959-B2,WO2006029223-A3,1
US9572835-B2,US7404950-B2,1
US9572835-B2,WO2004073641-A3,1
US9572835-B2,WO2011130566-A3,1
US6764685-B1,US5869036-A,1
US7201907-B1,US5716821-A,1
US7201907-B1,US5869036-A,1
US7201907-B1,US6033886-A,1
US7201907-B1,US6264957-B1,1
US10196432-B2,US7807642-B2,1
US10196432-B2,US7833969-B2,1
US10196432-B2,US7833970-B2,1
US10196432-B2,US8258260-B2,1
US7081513-B2,EP1118663-A1,1
US8017590-B1,EP1083232-B1,1
US8017590-B1,US6127116-A,1
US8017590-B1,US6969609-B1,1
US6127116-A,US5610054-A,1
US6127116-A,US5874565-A,1
US9822371-B2,US8927231-B2,1
US9816068-B2,US8927231-B2,1
US7662394-B2,US6258788-B1,1
US9771414-B2,EP2350270-A4,1
US9220685-B2,US8440229-B2,1
US10774392-B2,US10428392-B2,1
US7902151-B2,US6338851-B1,1
US7902151-B2,US6652858-B2,1
US7902151-B2,US6749854-B2,1
US7902151-B2,US6984625-B2,1
US6893643-B2,US6589531-B1,1
WO2003097090-A1,US6033886-A,1
US6652858-B2,US6338851-B1,1
US7238352-B2,US6338851-B1,1
US7887798-B2,US6338851-B1,1
US7887798-B2,US7238352-B2,1
US10967058-B2,US10478487-B2,1
US7048931-B1,US6620922-B1,1
US9982257-B2,US7354909-B2,1
US9982257-B2,US7517520-B2,1
US9982257-B2,US7537767-B2,1
US9982257-B2,US8680063-B2,1
US7354909-B2,US6562798-B1,1
US8680063-B2,WO2008021157-A1,1
US7153510-B1,US5716821-A,1
US7731974-B2,US6468544-B1,1
US10723733-B2,US10428070-B2,1
US10723733-B2,US8101643-B2,1
US10723733-B2,US10179131-B2,1
US10723733-B2,US10189846-B2,1
US10729688-B2,US8101643-B2,1
US10729688-B2,US10179131-B2,1
US10729688-B2,US10189846-B2,1
US10729688-B2,US10428070-B2,1
US7198792-B2,EP711829-A2,1
US8217159-B2,EP1163343-B1,1
US7674836-B2,US7098253-B2,1
US7674836-B2,WO2007075508-A2,1
US7582684-B2,US7098253-B2,1
US7582684-B2,WO2007075508-A2,1
US7674835-B2,US7098253-B2,1
US7683100-B2,US7098253-B2,1
US7968101-B2,US5716821-A,1
US7968101-B2,US5840520-A,1
US7968101-B2,US6033886-A,1
US7968101-B2,US6146642-A,1
US7968101-B2,WO2005028658-A2,1
US7968101-B2,WO2007044024-A2,1
US7834166-B2,EP1400592-A1,1
US7834166-B2,US6420135-B1,1
US7834166-B2,US6887663-B1,1
US7834166-B2,US7128918-B1,1
US7834166-B2,US7381814-B1,1
US7834166-B2,US7385047-B1,1
US7834166-B2,US6936252-B2,1
US7834166-B2,US7388090-B2,1
US7834166-B2,US7390493-B2,1
US7834166-B2,US7396532-B2,1
US7834166-B2,US7404958-B2,1
US7834166-B2,US7405291-B2,1
US7834166-B2,US7442523-B2,1
US7834166-B2,US7648708-B2,1
US7875439-B2,EP1400592-A1,1
US7875439-B2,US6420135-B1,1
US7875439-B2,US6887663-B1,1
US7875439-B2,US7128918-B1,1
US7875439-B2,US7381814-B1,1
US7875439-B2,US7385047-B1,1
US7875439-B2,US6936252-B2,1
US7875439-B2,US7388090-B2,1
US7875439-B2,US7390493-B2,1
US7875439-B2,US7396532-B2,1
US7875439-B2,US7404958-B2,1
US7875439-B2,US7405291-B2,1
US7875439-B2,US7442523-B2,1
US7875439-B2,US7648708-B2,1
US7342107-B2,US6274147-B1,1
US10654904-B2,US9943579-B2,1
US11434274-B2,US7919467-B2,1
US11434274-B2,US8080634-B2,1
US11434274-B2,US8669230-B2,1
US11434274-B2,US9943579-B2,1
US7919467-B2,US7083789-B2,1
US6391632-B1,US5766602-A,1
US6426196-B1,US5766602-A,1
US6451592-B1,US5766602-A,1
US6632640-B1,US6156558-A,1
US6632640-B1,US6261570-B1,1
US6632640-B1,US6296854-B1,1
US6767699-B2,US5766602-A,1
US6783939-B2,US5639650-A,1
US6783939-B2,US5766602-A,1
US6783939-B2,US6156558-A,1
US6783939-B2,US6261570-B1,1
US6783939-B2,US6391632-B1,1
US6783939-B2,US6426196-B1,1
US7078218-B2,US5639650-A,1
US7078218-B2,US5766602-A,1
US7078218-B2,US6156558-A,1
US7078218-B2,US6261570-B1,1
US7078218-B2,US6391632-B1,1
US7078218-B2,US6426196-B1,1
US7078218-B2,US6451592-B1,1
US7078218-B2,US6495143-B2,1
US7078218-B2,US6521235-B2,1
US7078218-B2,US6767699-B2,1
US7078218-B2,US6783939-B2,1
US8617533-B2,US5639650-A,1
US8617533-B2,US5766602-A,1
US8617533-B2,US6156558-A,1
US8617533-B2,US6261570-B1,1
US8617533-B2,US6391632-B1,1
US8617533-B2,US6426196-B1,1
US8617533-B2,US6451592-B1,1
US8617533-B2,US6517842-B1,1
US8617533-B2,US6531135-B1,1
US8617533-B2,US6541010-B1,1
US8617533-B2,US6632640-B1,1
US8617533-B2,US6770479-B1,1
US8617533-B2,US6495143-B2,1
US8617533-B2,US6521235-B2,1
US8617533-B2,US6767699-B2,1
US8617533-B2,US6783939-B2,1
US8617533-B2,US7078218-B2,1
US11058763-B2,WO2015153425-A1,1
US9732131-B2,US8796414-B2,1
US8003685-B2,US7402608-B2,1
US7049422-B2,US6660839-B1,1
US8454974-B2,EP1801209-A1,1
US8454974-B2,EP1930416-A1,1
US8506969-B2,EP1801209-A1,1
US8506969-B2,EP1930416-A1,1
US8506969-B2,US7935676-B2,1
US8563706-B2,EP1801209-A1,1
US8563706-B2,EP1930416-A1,1
US8563706-B2,US7935676-B2,1
US8569472-B2,EP1801209-A1,1
US8569472-B2,EP1930416-A1,1
US8569472-B2,US7935676-B2,1
US8618275-B2,EP1801209-A1,1
US8618275-B2,EP1930416-A1,1
US8618275-B2,US7935676-B2,1
US8663653-B2,EP1801209-A1,1
US8663653-B2,EP1930416-A1,1
US8663653-B2,US7935676-B2,1
US8772022-B2,EP1801209-A1,1
US8772022-B2,EP1930416-A1,1
US8772022-B2,US7935676-B2,1
US9388389-B2,US7084266-B1,1
US9388389-B2,US8454974-B2,1
US9388389-B2,US8506969-B2,1
US9394234-B2,US8158601-B2,1
US9394234-B2,US8802644-B2,1
US9394234-B2,US9139554-B2,1
US6667295-B1,US6300118-B1,1
US7863041-B2,EP780475-A1,1
US10287347-B2,US10017567-B2,1
US6841364-B2,US6268199-B1,1
US6841364-B2,US6500662-B1,1
US7273617-B2,US6268199-B1,1
US7273617-B2,US6500662-B1,1
US7273617-B2,US7132106-B2,1
US6800442-B2,US5843648-A,1
US7816578-B2,US7041870-B2,1
US8835712-B2,US7041870-B2,1
US8835712-B2,US7576258-B2,1
US8835712-B2,US7816578-B2,1
US9426970-B2,US7041870-B2,1
US9426970-B2,US7576258-B2,1
US9426970-B2,US7816578-B2,1
US9426970-B2,US8835712-B2,1
US6911204-B2,US6348449-B1,1
US7700573-B2,US7358353-B2,1
US7972772-B2,US7358353-B2,1
US6649372-B1,EP780475-A1,1
US6649372-B1,US5716821-A,1
US6649372-B1,US5840520-A,1
US6649372-B1,US6033886-A,1
US6649372-B1,US6146642-A,1
US10550188-B2,US6849272-B1,1
US10550188-B2,US8936910-B2,1
US7494646-B2,US6329503-B1,1
US6887975-B2,US6329503-B1,1
US7053186-B2,US6329503-B1,1
US7166714-B2,US6329503-B1,1
EP2887955-B1,EP2887955-B1,1
EP2887955-B1,US10005825-B2,1
US9884100-B2,US9382302-B2,1
US6946117-B1,US6309623-B1,1
US6946117-B1,US6630169-B1,1
US10000545-B2,US8357791-B2,1
US8003776-B2,US7393539-B2,1
US8003776-B2,US7393540-B2,1
US8629151-B2,US7501134-B2,1
US8629151-B2,US7517520-B2,1
US8552165-B2,US7354909-B2,1
US8552165-B2,US7723500-B2,1
US8552165-B2,US7959934-B2,1
US8552165-B2,US8298547-B2,1
US8552165-B2,WO2005025614-A3,1
US7723500-B2,US6562798-B1,1
US7723500-B2,US7354909-B2,1
US7723500-B2,US7534772-B2,1
US7959934-B2,US6562798-B1,1
US7959934-B2,US7354909-B2,1
WO2006097793-A2,WO2005094785-A2,1
WO2006097793-A3,WO2005094785-A2,1
US7601809-B2,US7060800-B2,1
US7608452-B2,US7060800-B2,1
US7618791-B2,US7060800-B2,1
US7429572-B2,US5610054-A,1
US7429572-B2,US5869253-A,1
US8415322-B2,US5610054-A,1
US8415322-B2,US5869253-A,1
US8415322-B2,US7429572-B2,1
US8415322-B2,WO2005003147-A3,1
CN107223130-A,CN103993012-A,1
US7431932-B2,US6596268-B1,1
US7431932-B2,US6649157-B2,1
US7431932-B2,US6994858-B2,1
US7252817-B2,US6649157-B2,1
US7964186-B2,US6649157-B2,1
US7964186-B2,US7252817-B2,1
US6162631-A,US5759770-A,1
US6531313-B1,US5766602-A,1
US6531313-B1,US5877159-A,1
US6974866-B2,US5840480-A,1
US7282364-B2,US6080408-A,1
US6793926-B1,US5851806-A,1
US9878052-B2,WO2006020266-A3,1
US7740861-B2,US6420176-B1,1
US7740861-B2,WO2006007372-A2,1
US7078501-B2,US6653106-B1,1
US9931330-B2,US9636332-B2,1
US11548930-B2,US7132109-B1,1
US11548930-B2,WO2005092373-A1,1
US9267114-B2,US7455842-B2,1
US8268964-B2,US7074904-B2,1
US8268964-B2,WO2005002621-A3,1
US8268964-B2,WO2006009838-A3,1
US8268964-B2,WO2009106073-A3,1
US10533186-B2,US8426188-B2,1
US9884112-B2,US7501134-B2,1
US9884112-B2,US7517520-B2,1
US9884112-B2,US8629151-B2,1
US9492520-B2,US9322010-B2,1
US9968664-B2,US9322010-B2,1
US9968664-B2,US9492520-B2,1
US7541442-B2,EP1514876-A2,1
US7541442-B2,US6258939-B1,1
US7541442-B2,US6979730-B2,1
US7595379-B2,EP1514876-A2,1
US7595379-B2,US6258939-B1,1
US7595379-B2,US6979730-B2,1
US7622564-B2,EP1514876-A2,1
US7622564-B2,US6258939-B1,1
US7622564-B2,US6979730-B2,1
US8278424-B2,EP1514876-A2,1
US8278424-B2,US6258939-B1,1
US8278424-B2,US6979730-B2,1
US8278424-B2,US7541442-B2,1
US8278424-B2,US7595379-B2,1
US8278424-B2,US7622564-B2,1
US8013128-B2,EP1514876-A2,1
US8013128-B2,US6258939-B1,1
US8013128-B2,US6979730-B2,1
US8013128-B2,US7541442-B2,1
US8013128-B2,US7595379-B2,1
US8013128-B2,US7622564-B2,1
US6790939-B2,US6258939-B1,1
US10428118-B2,US9862972-B2,1
US6312665-B1,US6017545-A,1
US6375975-B1,US6017545-A,1
US6375975-B1,US6221378-B1,1
US6436367-B1,US6017545-A,1
US6451286-B1,US6017545-A,1
US6451286-B1,US6193997-B1,1
US6451286-B1,US6221378-B1,1
US6451286-B1,US6271200-B1,1
US6451286-B1,US6312665-B1,1
US6294153-B1,US6017545-A,1
US6960569-B2,US6153421-A,1
US7307066-B2,US6153421-A,1
US9321845-B2,US8715674-B2,1
US9186405-B2,WO2005121369-A3,1
US7794724-B2,US6719980-B1,1
US7034014-B2,US6716825-B2,1
US7105574-B1,US6586409-B1,1
US7582613-B2,US6586409-B1,1
US9572874-B2,EP1905844-A2,1
US9572874-B2,WO2003028656-A3,1
US9572874-B2,WO2003059381-A3,1
US9572874-B2,WO2004092329-A3,1
US9572874-B2,WO2006029223-A3,1
US10695419-B2,EP2548960-A1,1
US10695419-B2,EP1905844-A2,1
US10695419-B2,US6500419-B1,1
US10695419-B2,US7410795-B2,1
US10695419-B2,US8425898-B2,1
US10695419-B2,US8673317-B2,1
US10695419-B2,US8999380-B2,1
US10695419-B2,US9512456-B2,1
US10695419-B2,US9764026-B2,1
US10695419-B2,US9868691-B2,1
US10695419-B2,US9872900-B2,1
US10695419-B2,US10064934-B2,1
US10695419-B2,US10064935-B2,1
US10695419-B2,US10124055-B2,1
US10695419-B2,US10273269-B2,1
US10695419-B2,US10449244-B2,1
US10695419-B2,US10493143-B2,1
US10695419-B2,WO2011144358-A1,1
US10695419-B2,WO2015170287-A1,1
US10695419-B2,WO2016116905-A1,1
US10695419-B2,WO2007095976-A2,1
US6500419-B1,US5877159-A,1
US8425898-B2,US7888112-B2,1
US8999380-B2,EP2484770-A1,1
US8999380-B2,EP2548960-A1,1
US8999380-B2,EP1905844-A2,1
US8999380-B2,EP1083232-B1,1
US8999380-B2,US6500419-B1,1
US8999380-B2,US6664066-B2,1
US8999380-B2,US6900302-B2,1
US8999380-B2,US7776523-B2,1
US8999380-B2,US7820624-B2,1
US8999380-B2,US8158601-B2,1
US8999380-B2,US8450298-B2,1
US8999380-B2,US8628801-B2,1
US8999380-B2,US8636696-B2,1
US8999380-B2,US8734846-B2,1
US8999380-B2,WO2011144358-A1,1
US8999380-B2,WO2013113736-A1,1
US8999380-B2,WO2014053634-A1,1
US8999380-B2,WO2007095976-A2,1
US8999380-B2,WO2003002604-A3,1
US8999380-B2,WO2003028656-A3,1
US8999380-B2,WO2003059381-A3,1
US8999380-B2,WO2003086280-A3,1
US8999380-B2,WO2004092329-A3,1
US8999380-B2,WO2007024323-A3,1
US8999380-B2,WO2008052770-A3,1
US8999380-B2,WO2012135025-A3,1
US8999380-B2,WO2013006842-A3,1
US9512456-B2,US8158601-B2,1
US9512456-B2,US8846348-B2,1
US9512456-B2,US8871230-B2,1
US9512456-B2,WO2008052770-A3,1
US9764026-B2,US7410795-B2,1
US9764026-B2,US7888112-B2,1
US9868691-B2,US8158601-B2,1
US9868691-B2,US8802644-B2,1
US9868691-B2,US9394234-B2,1
US9872900-B2,EP2548960-A1,1
US9872900-B2,US6500419-B1,1
US9872900-B2,US7776523-B2,1
US9872900-B2,US8158601-B2,1
US9872900-B2,US8628801-B2,1
US9872900-B2,US9139554-B2,1
US9872900-B2,US9220683-B2,1
US9872900-B2,US9226959-B2,1
US9872900-B2,US9234013-B2,1
US9872900-B2,WO2011144358-A1,1
US9872900-B2,WO2014108515-A1,1
US9872900-B2,WO2012159754-A3,1
US10064934-B2,EP2548960-A1,1
US10064934-B2,EP1905844-A2,1
US10064934-B2,US6500419-B1,1
US10064934-B2,US7449324-B2,1
US10064934-B2,US7704720-B2,1
US10064934-B2,US8841433-B2,1
US10064934-B2,US9192661-B2,1
US10064934-B2,US9512456-B2,1
US10064934-B2,US9567653-B2,1
US10064934-B2,US9623095-B2,1
US10064934-B2,US9872900-B2,1
US10064934-B2,WO2011144358-A1,1
US10064934-B2,WO2007095976-A2,1
US10064935-B2,EP2548960-A1,1
US10064935-B2,EP1905844-A2,1
US10064935-B2,EP1083232-B1,1
US10064935-B2,US6500419-B1,1
US10064935-B2,US8673317-B2,1
US10064935-B2,US9512456-B2,1
US10064935-B2,WO2011144358-A1,1
US10064935-B2,WO2015170287-A1,1
US10064935-B2,WO2016116905-A1,1
US10064935-B2,WO2007095976-A2,1
US10124055-B2,EP2548960-A1,1
US10124055-B2,EP1905844-A2,1
US10124055-B2,US6500419-B1,1
US10124055-B2,US9267114-B2,1
US10124055-B2,US9512456-B2,1
US10124055-B2,WO2011144358-A1,1
US10124055-B2,WO2007095976-A2,1
US10273269-B2,EP2548960-A1,1
US10273269-B2,EP1905844-A2,1
US10273269-B2,US6500419-B1,1
US10273269-B2,US8999380-B2,1
US10273269-B2,US9267114-B2,1
US10273269-B2,US9512456-B2,1
US10273269-B2,US9868691-B2,1
US10273269-B2,US9872900-B2,1
US10273269-B2,US10064934-B2,1
US10273269-B2,US10064935-B2,1
US10273269-B2,WO2011144358-A1,1
US10273269-B2,WO2007095976-A2,1
US10449244-B2,EP2548960-A1,1
US10449244-B2,EP1905844-A2,1
US10449244-B2,EP1083232-B1,1
US10449244-B2,EP1383556-B1,1
US10449244-B2,US6500419-B1,1
US10449244-B2,US8999380-B2,1
US10449244-B2,US9267114-B2,1
US10449244-B2,US9512456-B2,1
US10449244-B2,US9868691-B2,1
US10449244-B2,US9872900-B2,1
US10449244-B2,US10064934-B2,1
US10449244-B2,US10064935-B2,1
US10449244-B2,US10124055-B2,1
US10449244-B2,WO2011144358-A1,1
US10449244-B2,WO2007095976-A2,1
US10449244-B2,WO2008014979-A3,1
US10493143-B2,EP1905844-A2,1
US10493143-B2,EP1083232-B1,1
US10493143-B2,EP1383556-B1,1
US10493143-B2,US6500419-B1,1
US10493143-B2,US8999380-B2,1
US10493143-B2,US9512456-B2,1
US10493143-B2,US9868691-B2,1
US10493143-B2,US9872900-B2,1
US10493143-B2,US10064934-B2,1
US10493143-B2,US10064935-B2,1
US10493143-B2,US10124055-B2,1
US10493143-B2,WO2011144358-A1,1
US10493143-B2,WO2008014979-A3,1
US10857105-B2,US8158601-B2,1
US10857105-B2,US8450298-B2,1
US10857105-B2,US8734846-B2,1
US10857105-B2,US8802644-B2,1
US10857105-B2,US9394234-B2,1
US10857105-B2,US9867888-B2,1
US10857105-B2,US9868691-B2,1
US10857105-B2,US9868693-B2,1
US10925958-B2,EP1905844-A2,1
US10925958-B2,EP1083232-B1,1
US10925958-B2,EP1383556-B1,1
US10925958-B2,US6500419-B1,1
US10925958-B2,US8999380-B2,1
US10925958-B2,US9512456-B2,1
US10925958-B2,US9868691-B2,1
US10925958-B2,US9872900-B2,1
US10925958-B2,US10064934-B2,1
US10925958-B2,US10064935-B2,1
US10925958-B2,US10124055-B2,1
US10925958-B2,US10273269-B2,1
US10925958-B2,US10449244-B2,1
US10925958-B2,US10493143-B2,1
US10925958-B2,US10695419-B2,1
US10925958-B2,WO2011144358-A1,1
US10925958-B2,WO2008014979-A3,1
US11103578-B2,EP2548960-A1,1
US11103578-B2,EP1905844-A2,1
US11103578-B2,EP1383556-B1,1
US11103578-B2,US6500419-B1,1
US11103578-B2,US7449324-B2,1
US11103578-B2,US7704720-B2,1
US11103578-B2,US8841433-B2,1
US11103578-B2,US8999380-B2,1
US11103578-B2,US9192661-B2,1
US11103578-B2,US9512456-B2,1
US11103578-B2,US9567653-B2,1
US11103578-B2,US9623095-B2,1
US11103578-B2,US9868691-B2,1
US11103578-B2,US9872900-B2,1
US11103578-B2,US10064934-B2,1
US11103578-B2,US10064935-B2,1
US11103578-B2,US10124055-B2,1
US11103578-B2,US10273269-B2,1
US11103578-B2,US10449244-B2,1
US11103578-B2,US10493143-B2,1
US11103578-B2,US10695419-B2,1
US11103578-B2,WO2011144358-A1,1
US11103578-B2,WO2007095976-A2,1
US11103578-B2,WO2008014979-A3,1
EP2762165-A2,EP1905844-A2,1
US10709779-B2,US9872900-B2,1
US10709779-B2,US10022435-B2,1
US10709779-B2,US10383937-B2,1
US10709779-B2,US10449244-B2,1
US10709779-B2,EP2548960-A1,1
US10709779-B2,US6500419-B1,1
US10709779-B2,US7566454-B2,1
US10709779-B2,US7776523-B2,1
US10709779-B2,US8158601-B2,1
US10709779-B2,US8628801-B2,1
US10709779-B2,US8999380-B2,1
US10709779-B2,US9139554-B2,1
US10709779-B2,US9220683-B2,1
US10709779-B2,US9226959-B2,1
US10709779-B2,US9234013-B2,1
US10709779-B2,US9512456-B2,1
US10709779-B2,US9868691-B2,1
US10709779-B2,US10064934-B2,1
US10709779-B2,US10064935-B2,1
US10709779-B2,US10124055-B2,1
US10709779-B2,US10273269-B2,1
US10709779-B2,US10493143-B2,1
US10709779-B2,WO2011144358-A1,1
US10709779-B2,WO2014108515-A1,1
US10709779-B2,WO2012159754-A3,1
US10967057-B2,US10124055-B2,1
US9132146-B2,WO2011079070-A1,1
US9623095-B2,US9254265-B2,1
US10383937-B2,EP2548960-A1,1
US10383937-B2,EP1905844-A2,1
US10383937-B2,US6500419-B1,1
US10383937-B2,US7410795-B2,1
US10383937-B2,US8425898-B2,1
US10383937-B2,US8673317-B2,1
US10383937-B2,US8999380-B2,1
US10383937-B2,US9512456-B2,1
US10383937-B2,US9764026-B2,1
US10383937-B2,US9868691-B2,1
US10383937-B2,US9872900-B2,1
US10383937-B2,US10064934-B2,1
US10383937-B2,US10064935-B2,1
US10383937-B2,US10124055-B2,1
US10383937-B2,WO2011144358-A1,1
US10383937-B2,WO2015170287-A1,1
US10383937-B2,WO2016116905-A1,1
US10383937-B2,WO2007095976-A2,1
US10933127-B2,EP2548960-A1,1
US10933127-B2,EP1905844-A2,1
US10933127-B2,US6500419-B1,1
US10933127-B2,US7449324-B2,1
US10933127-B2,US7704720-B2,1
US10933127-B2,US8841433-B2,1
US10933127-B2,US8999380-B2,1
US10933127-B2,US9192661-B2,1
US10933127-B2,US9512456-B2,1
US10933127-B2,US9567653-B2,1
US10933127-B2,US9623095-B2,1
US10933127-B2,US9868691-B2,1
US10933127-B2,US9872900-B2,1
US10933127-B2,US10064934-B2,1
US10933127-B2,US10064935-B2,1
US10933127-B2,US10124055-B2,1
US10933127-B2,US10273269-B2,1
US10933127-B2,US10449244-B2,1
US10933127-B2,US10493143-B2,1
US10933127-B2,US10695419-B2,1
US10933127-B2,WO2011144358-A1,1
US10933127-B2,WO2007095976-A2,1
US11207398-B2,EP2548960-A1,1
US11207398-B2,EP1905844-A2,1
US11207398-B2,EP1383556-B1,1
US11207398-B2,US6500419-B1,1
US11207398-B2,US8999380-B2,1
US11207398-B2,US9267114-B2,1
US11207398-B2,US9512456-B2,1
US11207398-B2,US9868691-B2,1
US11207398-B2,US9872900-B2,1
US11207398-B2,US10064934-B2,1
US11207398-B2,US10064935-B2,1
US11207398-B2,US10124055-B2,1
US11207398-B2,US10273269-B2,1
US11207398-B2,US10449244-B2,1
US11207398-B2,US10493143-B2,1
US11207398-B2,US10695419-B2,1
US11207398-B2,US10857105-B2,1
US11207398-B2,US10925958-B2,1
US11207398-B2,WO2011144358-A1,1
US11207398-B2,WO2007095976-A2,1
US11207398-B2,WO2008014979-A3,1
EP1925317-A1,EP1083232-B1,1
EP2769733-A1,EP1604688-B1,1
US9433669-B2,US9155788-B2,1
US9433669-B2,DE10229872-A1,1
US9433669-B2,EP1604688-A1,1
US9433669-B2,US6664066-B2,1
US9433669-B2,WO2003028656-A3,1
US9433669-B2,WO2003051401-A3,1
US9433669-B2,WO2003059381-A3,1
US9433669-B2,WO2003086280-A3,1
US9433669-B2,WO2004092329-A3,1
US9433670-B2,US9155788-B2,1
US9433670-B2,DE10229872-A1,1
US9433670-B2,EP1604688-A1,1
US9433670-B2,US6664066-B2,1
US9433670-B2,WO2003028656-A3,1
US9433670-B2,WO2003051401-A3,1
US9433670-B2,WO2003059381-A3,1
US9433670-B2,WO2003086280-A3,1
US9433670-B2,WO2004092329-A3,1
US9439956-B2,US9155788-B2,1
US9439956-B2,DE10229872-A1,1
US9439956-B2,EP1604688-A1,1
US9439956-B2,US6664066-B2,1
US9439956-B2,WO2003028656-A3,1
US9439956-B2,WO2003051401-A3,1
US9439956-B2,WO2003059381-A3,1
US9439956-B2,WO2003086280-A3,1
US9439956-B2,WO2004092329-A3,1
US8846348-B2,EP2010659-A2,1
US8846348-B2,WO2006004648-A1,1
US8871230-B2,CN102770161-A,1
US8871230-B2,WO2011076391-A1,1
US9254265-B2,US6790449-B2,1
US9254265-B2,US7250404-B2,1
US9254265-B2,US7384923-B2,1
US9254265-B2,US7557200-B2,1
US9254265-B2,WO2005113782-A1,1
US10150797-B2,US9688729-B2,1
EP1800697-A2,EP1083232-B1,1
EP1832603-A2,EP1083232-B1,1
EP1903054-A2,EP1083232-B1,1
US10568972-B2,DE10229872-A1,1
US10568972-B2,US6664066-B2,1
US10568972-B2,WO2004092329-A3,1
US9255126-B2,US6261570-B1,1
US9255126-B2,US7531180-B2,1
US9255126-B2,US7572453-B2,1
US10022435-B2,EP2548960-A1,1
US10022435-B2,US6500419-B1,1
US10022435-B2,US7776523-B2,1
US10022435-B2,US8158601-B2,1
US10022435-B2,US8628801-B2,1
US10022435-B2,US9139554-B2,1
US10022435-B2,US9220683-B2,1
US10022435-B2,US9226959-B2,1
US10022435-B2,US9234013-B2,1
US10022435-B2,WO2011144358-A1,1
US10022435-B2,WO2014108515-A1,1
US10022435-B2,WO2012159754-A3,1
US10716846-B2,US9872900-B2,1
US10716846-B2,US10022435-B2,1
US10716846-B2,US10064935-B2,1
US10716846-B2,EP2548960-A1,1
US10716846-B2,EP1905844-A2,1
US10716846-B2,US6500419-B1,1
US10716846-B2,US7410795-B2,1
US10716846-B2,US8425898-B2,1
US10716846-B2,US8673317-B2,1
US10716846-B2,US8999380-B2,1
US10716846-B2,US9512456-B2,1
US10716846-B2,US9764026-B2,1
US10716846-B2,US9868691-B2,1
US10716846-B2,US10064934-B2,1
US10716846-B2,US10124055-B2,1
US10716846-B2,US10273269-B2,1
US10716846-B2,US10449244-B2,1
US10716846-B2,WO2011144358-A1,1
US10716846-B2,WO2015170287-A1,1
US10716846-B2,WO2016116905-A1,1
US10716846-B2,WO2007095976-A2,1
US11484590-B2,EP2548960-A1,1
US11484590-B2,EP1905844-A2,1
US11484590-B2,US6500419-B1,1
US11484590-B2,US7410795-B2,1
US11484590-B2,US8425898-B2,1
US11484590-B2,US8673317-B2,1
US11484590-B2,US8999380-B2,1
US11484590-B2,US9512456-B2,1
US11484590-B2,US9764026-B2,1
US11484590-B2,US9868691-B2,1
US11484590-B2,US9872900-B2,1
US11484590-B2,US10022435-B2,1
US11484590-B2,US10064934-B2,1
US11484590-B2,US10064935-B2,1
US11484590-B2,US10124055-B2,1
US11484590-B2,US10273269-B2,1
US11484590-B2,US10449244-B2,1
US11484590-B2,US10493143-B2,1
US11484590-B2,US10695419-B2,1
US11484590-B2,US10857105-B2,1
US11484590-B2,US10925958-B2,1
US11484590-B2,US11103578-B2,1
US11484590-B2,WO2011144358-A1,1
US11484590-B2,WO2015170287-A1,1
US11484590-B2,WO2016116905-A1,1
US11484590-B2,WO2007095976-A2,1
US7244568-B2,US6867290-B2,1
CN103052400-A,US6790449-B2,1
EP2010659-A2,WO2006004648-A1,1
US8106173-B2,WO2006116458-A2,1
WO2011015347-A1,WO2006004648-A1,1
US7662556-B2,US6653106-B1,1
WO2014108515-A1,WO2005113782-A1,1
US8501470-B2,WO2003000907-A2,1
US7358353-B2,US6875570-B2,1
US7407790-B2,US5877159-A,1
US10307472-B2,EP1604688-A1,1
US10307472-B2,US8968746-B2,1
US10307472-B2,US9155788-B2,1
US10307472-B2,WO2008083174-A3,1
US9974845-B2,US8968746-B2,1
US9974845-B2,US9155788-B2,1
US10117920-B2,EP1604688-A1,1
US10117920-B2,US8968746-B2,1
US10117920-B2,US9155788-B2,1
US10117920-B2,WO2008083174-A3,1
US10434158-B2,US9974845-B2,1
US10434158-B2,US10117920-B2,1
US10434158-B2,EP1604688-A1,1
US10434158-B2,EP1392341-B1,1
US10434158-B2,US8968746-B2,1
US10434158-B2,US9155788-B2,1
US10434158-B2,WO2008083174-A3,1
WO2005062820-A3,US6951754-B2,1
US6830748-B1,US5993824-A,1
US6830748-B1,US6033886-A,1
US6830748-B1,US6060308-A,1
WO2007044483-A3,US6830748-B1,1
US9402887-B2,EP1905844-A2,1
US9402887-B2,WO2003059381-A3,1
US7205013-B2,EP780475-A1,1
US7205013-B2,US6033886-A,1
US7205013-B2,US6060308-A,1
US7465574-B2,US5840520-A,1
US7465574-B2,US6923971-B2,1
US7465574-B2,EP780475-B1,1
US7465574-B2,US5716821-A,1
US7465574-B2,US5993824-A,1
US7465574-B2,US6033886-A,1
US7465574-B2,US6060308-A,1
US7465574-B2,US6264957-B1,1
US7465574-B2,US6830748-B1,1
US7235235-B2,US5639650-A,1
US7235235-B2,US5766602-A,1
US7235235-B2,US6541010-B1,1
US10272150-B2,EP2548960-A1,1
US10272150-B2,EP1905844-A2,1
US10272150-B2,US6500419-B1,1
US10272150-B2,US7449324-B2,1
US10272150-B2,US7704720-B2,1
US10272150-B2,US8841433-B2,1
US10272150-B2,US8999380-B2,1
US10272150-B2,US9192661-B2,1
US10272150-B2,US9512456-B2,1
US10272150-B2,US9567653-B2,1
US10272150-B2,US9623095-B2,1
US10272150-B2,US9868691-B2,1
US10272150-B2,US9872900-B2,1
US10272150-B2,US10064934-B2,1
US10272150-B2,US10064935-B2,1
US10272150-B2,WO2011144358-A1,1
US10272150-B2,WO2007095976-A2,1
US10702599-B2,EP2548960-A1,1
US10702599-B2,EP1905844-A2,1
US10702599-B2,US6500419-B1,1
US10702599-B2,US7449324-B2,1
US10702599-B2,US7704720-B2,1
US10702599-B2,US8841433-B2,1
US10702599-B2,US8999380-B2,1
US10702599-B2,US9192661-B2,1
US10702599-B2,US9512456-B2,1
US10702599-B2,US9567653-B2,1
US10702599-B2,US9623095-B2,1
US10702599-B2,US9868691-B2,1
US10702599-B2,US9872900-B2,1
US10702599-B2,US10064934-B2,1
US10702599-B2,US10064935-B2,1
US10702599-B2,US10124055-B2,1
US10702599-B2,US10273269-B2,1
US10702599-B2,WO2011144358-A1,1
US10702599-B2,WO2007095976-A2,1
EP3718565-B1,US8241670-B2,1
EP3718565-B1,WO2010138192-A3,1
EP3718565-B1,WO2010138193-A3,1
US8241670-B2,WO2005094785-A3,1
US8241670-B2,WO2006097793-A3,1
US9352028-B2,EP1604688-A1,1
US11406703-B2,EP2548960-A1,1
US11406703-B2,EP1905844-A2,1
US11406703-B2,US6500419-B1,1
US11406703-B2,US7410795-B2,1
US11406703-B2,US8425898-B2,1
US11406703-B2,US8673317-B2,1
US11406703-B2,US8999380-B2,1
US11406703-B2,US9512456-B2,1
US11406703-B2,US9764026-B2,1
US11406703-B2,US9868691-B2,1
US11406703-B2,US9872900-B2,1
US11406703-B2,US10022435-B2,1
US11406703-B2,US10064934-B2,1
US11406703-B2,US10064935-B2,1
US11406703-B2,US10124055-B2,1
US11406703-B2,US10273269-B2,1
US11406703-B2,US10449244-B2,1
US11406703-B2,US10493143-B2,1
US11406703-B2,US10695419-B2,1
US11406703-B2,US10857105-B2,1
US11406703-B2,US10925958-B2,1
US11406703-B2,US11103578-B2,1
US11406703-B2,WO2011144358-A1,1
US11406703-B2,WO2015170287-A1,1
US11406703-B2,WO2016116905-A1,1
US11406703-B2,WO2007095976-A2,1
US11497807-B2,EP2548960-A1,1
US11497807-B2,EP1083232-B1,1
US11497807-B2,US6500419-B1,1
US11497807-B2,US8999380-B2,1
US11497807-B2,US9192661-B2,1
US11497807-B2,US9512456-B2,1
US11497807-B2,US9868691-B2,1
US11497807-B2,US9872900-B2,1
US11497807-B2,US10064934-B2,1
US11497807-B2,US10064935-B2,1
US11497807-B2,US10124055-B2,1
US11497807-B2,US10266485-B2,1
US11497807-B2,US10273269-B2,1
US11497807-B2,US10442756-B2,1
US11497807-B2,US10449244-B2,1
US11497807-B2,US10493143-B2,1
US11497807-B2,US10695419-B2,1
US11497807-B2,US10857105-B2,1
US11497807-B2,US10925958-B2,1
US11497807-B2,US11103578-B2,1
US11497807-B2,WO2011144358-A1,1
US11497807-B2,WO2007095976-A2,1
EP1685844-B1,WO2003028656-A3,1
US8206932-B2,EP1514876-A2,1
US8206932-B2,US6258939-B1,1
US8206932-B2,US6979730-B2,1
US8206932-B2,US7541442-B2,1
US8206932-B2,US7595379-B2,1
US8206932-B2,US7622564-B2,1
WO2008121992-A3,US6696289-B1,1
US11241493-B2,US10266485-B2,1
US11241493-B2,US10442756-B2,1
US11241493-B2,WO2021159985-A1,1
US11241493-B2,WO2021160036-A1,1
US9101572-B2,US6296854-B1,1
US9968672-B2,US9101572-B2,1
US9694065-B2,US9101572-B2,1
US9694065-B2,US6296854-B1,1
US7425337-B2,US5639650-A,1
US7425337-B2,US5766602-A,1
US7425337-B2,US6156558-A,1
US7425337-B2,US6261570-B1,1
US7425337-B2,US6391632-B1,1
US7425337-B2,US6426196-B1,1
US7425337-B2,US6531135-B1,1
US7425337-B2,US6541010-B1,1
US7425337-B2,US6495143-B2,1
US7425337-B2,US6521235-B2,1
US7425337-B2,US6767699-B2,1
US7425337-B2,US6783939-B2,1
US7425337-B2,US7045335-B2,1
US7425337-B2,US7235235-B2,1
US7850977-B2,US5639650-A,1
US7850977-B2,US5766602-A,1
US7850977-B2,US6156558-A,1
US7850977-B2,US6261570-B1,1
US7850977-B2,US6391632-B1,1
US7850977-B2,US6426196-B1,1
US7850977-B2,US6531135-B1,1
US7850977-B2,US6541010-B1,1
US7850977-B2,US6495143-B2,1
US7850977-B2,US6521235-B2,1
US7850977-B2,US6767699-B2,1
US7850977-B2,US6783939-B2,1
US7850977-B2,US7045335-B2,1
US7850977-B2,US7078218-B2,1
US7850977-B2,US7235235-B2,1
US7850977-B2,US7267823-B2,1
US7850977-B2,US7425337-B2,1
EP2947149-A1,US5639650-A,1
EP2947149-A1,US6156558-A,1
EP2947149-A1,US6531135-B1,1
EP2947149-A1,US6541010-B1,1
EP2947149-A1,US6783939-B2,1
EP2947149-A1,US7045335-B2,1
EP2947149-A1,US7078218-B2,1
EP2947149-A1,WO2005113782-A1,1
WO2021159985-A1,CN110167587-A,1
EP1939214-B1,WO2004113517-A3,1
US9801897-B2,US7557200-B2,1
US9770463-B2,US6790449-B2,1
US10532067-B2,US7557200-B2,1
US10532067-B2,US9770463-B2,1
US10532067-B2,WO2009042794-A3,1
US10487332-B2,US7250404-B2,1
US10487332-B2,US7384923-B2,1
US11291682-B2,US7557200-B2,1
US11291682-B2,US9770463-B2,1
US11291682-B2,US10532067-B2,1
US11291682-B2,EP1392341-B1,1
US11291682-B2,EP2590676-B1,1
US11291682-B2,US6060308-A,1
US11291682-B2,US6432925-B1,1
US11291682-B2,US6790449-B2,1
US11291682-B2,US7250404-B2,1
US11291682-B2,US7384923-B2,1
US11291682-B2,US9254265-B2,1
US11291682-B2,US10487332-B2,1
US11291682-B2,US11026964-B2,1
US11291682-B2,WO2005113782-A1,1
US11291682-B2,WO2009146867-A1,1
US11291682-B2,WO2009042794-A3,1
US11324770-B2,EP1392341-B1,1
US11324770-B2,EP2590676-B1,1
US11324770-B2,US6060308-A,1
US11324770-B2,US6432925-B1,1
US11324770-B2,US6790449-B2,1
US11324770-B2,US7250404-B2,1
US11324770-B2,US7384923-B2,1
US11324770-B2,US7557200-B2,1
US11324770-B2,US9254265-B2,1
US11324770-B2,US9770463-B2,1
US11324770-B2,US9801897-B2,1
US11324770-B2,US10487332-B2,1
US11324770-B2,US10532067-B2,1
US11324770-B2,US11026964-B2,1
US11324770-B2,WO2005113782-A1,1
US11324770-B2,WO2009146867-A1,1
US11324770-B2,WO2009042794-A3,1
US11026964-B2,US6060308-A,1
US11026964-B2,US6790449-B2,1
US11026964-B2,US9770463-B2,1
US11026964-B2,WO2005113782-A1,1
US11026964-B2,WO2009146867-A1,1
US8399650-B2,US7393539-B2,1
US8399650-B2,US7393540-B2,1
US8399650-B2,US8003776-B2,1
US8399650-B2,US8017753-B2,1
US8399650-B2,WO2003004520-A3,1
US8017753-B2,US7393539-B2,1
US8017753-B2,US7393540-B2,1
US10022436-B2,EP1604688-A1,1
US10022436-B2,EP2055312-A1,1
US10022436-B2,EP2332573-A1,1
US10022436-B2,EP2338510-A1,1
US10022436-B2,US6451592-B1,1
US10022436-B2,US7744900-B2,1
US10022436-B2,US7771979-B2,1
US10022436-B2,US9255126-B2,1
US10022436-B2,WO2014108515-A1,1
US10022436-B2,WO2015110656-A1,1
US10022436-B2,WO2016135675-A1,1
US8513008-B2,WO2003000907-A3,1
US7935676-B2,US6630343-B1,1
EP2039773-A1,US6468544-B1,1
WO2021213924-A1,WO2011015347-A1,1
US10982212-B2,US10407682-B2,1
US10982212-B2,US10513703-B2,1
US10982212-B2,US10793860-B2,1
US10407682-B2,US9879262-B2,1
US10407682-B2,US9029341-B2,1
US10407682-B2,US9464290-B2,1
US10513703-B2,CN102762215-A,1
US10513703-B2,US9029341-B2,1
US10513703-B2,US9464290-B2,1
US10513703-B2,US9879262-B2,1
US10793860-B2,US9029341-B2,1
US10793860-B2,US9464290-B2,1
US10793860-B2,US9879262-B2,1
US10793860-B2,US10407682-B2,1
US8404826-B2,US7393539-B2,1
US8404826-B2,US7393540-B2,1
US8404826-B2,US8003776-B2,1
US8404826-B2,US8017753-B2,1
US8404826-B2,WO2003004520-A3,1
US10266485-B2,US9868691-B2,1
US10266485-B2,US8158601-B2,1
US10266485-B2,US8450298-B2,1
US10266485-B2,US8734846-B2,1
US10266485-B2,US8802644-B2,1
US10266485-B2,US9394234-B2,1
US10266485-B2,US9867888-B2,1
US10266485-B2,US9868693-B2,1
US10442756-B2,US9868691-B2,1
US10442756-B2,US8158601-B2,1
US10442756-B2,US8450298-B2,1
US10442756-B2,US8734846-B2,1
US10442756-B2,US8802644-B2,1
US10442756-B2,US9394234-B2,1
US10442756-B2,US9867888-B2,1
US10442756-B2,US9868693-B2,1
US7442379-B2,US5716821-A,1
US7442379-B2,US6146642-A,1
US7442379-B2,US6649372-B1,1
US6475780-B1,US6060308-A,1
US7384774-B2,EP780475-A1,1
US7384774-B2,US5716821-A,1
US7384774-B2,US5840520-A,1
US7384774-B2,US6033886-A,1
US7384774-B2,US6146642-A,1
US7384774-B2,US6544785-B1,1
US7384774-B2,US6649372-B1,1
US8715940-B2,EP1820853-A2,1
US8715940-B2,EP1185615-B1,1
US8715940-B2,US5716821-A,1
US8715940-B2,US5840520-A,1
US8715940-B2,US6033886-A,1
US8715940-B2,US6146642-A,1
US8715940-B2,WO2004112831-A3,1
US8715940-B2,WO2005028658-A3,1
US8859208-B2,EP1820853-A2,1
US8859208-B2,EP1185615-B1,1
US8859208-B2,US5716821-A,1
US8859208-B2,US5840520-A,1
US8859208-B2,US6033886-A,1
US8859208-B2,US6146642-A,1
US8859208-B2,US6544785-B1,1
US8859208-B2,US6649372-B1,1
US8859208-B2,US6951754-B2,1
US8859208-B2,WO2004112831-A3,1
US8859208-B2,WO2005028658-A3,1
US8877448-B2,EP1820853-A2,1
US8877448-B2,US5716821-A,1
US8877448-B2,US5840520-A,1
US8877448-B2,US6033886-A,1
US8877448-B2,US6146642-A,1
US8877448-B2,US6544785-B1,1
US8877448-B2,US6649372-B1,1
US8877448-B2,US6951754-B2,1
US8877448-B2,WO2004112831-A3,1
US8877448-B2,WO2005028658-A3,1
US9023603-B2,EP1820853-A2,1
US9023603-B2,US5716821-A,1
US9023603-B2,US5840520-A,1
US9023603-B2,US6033886-A,1
US9023603-B2,US6146642-A,1
US9023603-B2,US6544785-B1,1
US9023603-B2,US6649372-B1,1
US9023603-B2,US6951754-B2,1
US9023603-B2,WO2004112831-A3,1
US9023603-B2,WO2005028658-A3,1
US9765407-B2,US5840306-A,1
US10047407-B2,US5840306-A,1
US10413602-B2,US9884097-B2,1
US10758600-B2,US9884097-B2,1
US10758600-B2,US10413602-B2,1
US7368557-B2,US6277621-B1,1
US9186325-B2,US8158601-B2,1
US9707292-B2,US8158601-B2,1
US9707292-B2,US8802644-B2,1
US9707292-B2,US9186325-B2,1
US9764036-B2,US9220683-B2,1
WO2007044024-A2,WO2005028658-A2,1
US9132153-B2,US8450112-B2,1
US10660917-B2,US8450112-B2,1
US10660917-B2,US9132153-B2,1
US11331344-B2,US8450112-B2,1
US11331344-B2,US9132153-B2,1
US7572628-B2,US5766602-A,1
US6592874-B2,US5766602-A,1
US7541038-B2,US6156558-A,1
US7541038-B2,US6475780-B1,1
US7541038-B2,US6531135-B1,1
US8158418-B2,US6261570-B1,1
US8158418-B2,US7572453-B2,1
US8748591-B2,US6592874-B2,1
US10426822-B2,US8557779-B2,1
US10801041-B2,US6387888-B1,1
US8158416-B2,US5840520-A,1
US8158416-B2,US6033886-A,1
US8158416-B2,US7993924-B2,1
US9012214-B2,US6146642-A,1
US9012214-B2,US7402429-B1,1
US9012214-B2,US7993924-B2,1
US9012214-B2,US8158416-B2,1
US9012214-B2,US8586364-B2,1
US9005961-B2,US6146642-A,1
US9005961-B2,US7402429-B1,1
US9005961-B2,US7993924-B2,1
US9005961-B2,US8158416-B2,1
US9005961-B2,US8586364-B2,1
US9914937-B2,US9005961-B2,1
US9914937-B2,US9012214-B2,1
US9914937-B2,US6146642-A,1
US9914937-B2,US7402429-B1,1
US9914937-B2,US7993924-B2,1
US9914937-B2,US8158416-B2,1
US9914937-B2,US8586364-B2,1
US9914937-B2,US9005925-B2,1
US9005925-B2,US6146642-A,1
US9005925-B2,US7402429-B1,1
US9005925-B2,US7993924-B2,1
US9005925-B2,US8158416-B2,1
US9005925-B2,US8586364-B2,1
US9701944-B2,US9005925-B2,1
US9701944-B2,US9005961-B2,1
US9701944-B2,US9012214-B2,1
US9701944-B2,US6146642-A,1
US9701944-B2,US7402429-B1,1
US9701944-B2,US7993924-B2,1
US9701944-B2,US8158416-B2,1
US9701944-B2,US8586364-B2,1
US11111472-B2,US10696944-B2,1
US6150170-A,US5877159-A,1
US9950059-B2,US6146642-A,1
US10201618-B2,US9512073-B2,1
US10201618-B2,EP2532649-A1,1
US10201618-B2,US8450298-B2,1
US10201618-B2,US8969353-B2,1
US10201618-B2,US9238716-B2,1
US10201618-B2,US9439968-B2,1
US10201618-B2,US9556110-B2,1
US10201618-B2,WO2005055979-A2,1
EP2055312-A1,US5766602-A,1
EP2055312-A1,US7229624-B2,1
US8007792-B2,US7524650-B2,1
EP1930416-A1,EP1721985-A1,1
US7425325-B2,US7064186-B2,1
US7459293-B2,US7064186-B2,1
US7507795-B2,US7064186-B2,1
US7531636-B2,US7064186-B2,1
US7740834-B2,US7064186-B2,1
US7740834-B2,US7507795-B2,1
US8013124-B2,US7064186-B2,1
US8013124-B2,US7740834-B2,1
US8124378-B2,US7064186-B2,1
US8124378-B2,US7425325-B2,1
US8124378-B2,US7459293-B2,1
US8124378-B2,US7507795-B2,1
US8124378-B2,US7531636-B2,1
US8124378-B2,WO2003060090-A3,1
US8647866-B2,US7064186-B2,1
US8647866-B2,WO2003060090-A3,1
US7696317-B2,US7060800-B2,1
US7696317-B2,US7427668-B2,1
US7893211-B2,US7060800-B2,1
US7893211-B2,US7427668-B2,1
US7893211-B2,US7696317-B2,1
US8680258-B2,US6156558-A,1
US8680258-B2,US6531135-B1,1
US8680258-B2,US6541010-B1,1
US8680258-B2,US6521235-B2,1
US8680258-B2,US7045335-B2,1
US8680258-B2,US7078218-B2,1
US8680258-B2,US7235235-B2,1
EP3083962-B1,EP3083962-B1,1
US9023605-B2,US6329503-B1,1
US9023605-B2,US6887975-B2,1
US9023605-B2,US7053186-B2,1
US9023605-B2,US7166714-B2,1
US9617346-B2,US6329503-B1,1
US9617346-B2,US6887975-B2,1
US9617346-B2,US7053186-B2,1
US9617346-B2,US7166714-B2,1
US10597463-B2,US6329503-B1,1
US10597463-B2,US6887975-B2,1
US10597463-B2,US7053186-B2,1
US10597463-B2,US7166714-B2,1
US10597463-B2,US7494646-B2,1
US10597463-B2,US9023605-B2,1
US10597463-B2,US9617346-B2,1
US6916634-B2,US6329179-B1,1
US8021847-B2,US6916634-B2,1
US9895443-B2,EP2532649-A1,1
CN103282497-A,CN102762215-A,1
US9464290-B2,US9029341-B2,1
US9879262-B2,US9029341-B2,1
US9879262-B2,US9464290-B2,1
CN106659803-A,CN103179989-A,1
US11364292-B2,EP2548960-A1,1
US11364292-B2,EP1905844-A2,1
US11364292-B2,EP1083232-B1,1
US11364292-B2,EP1383556-B1,1
US11364292-B2,US6500419-B1,1
US11364292-B2,US8999380-B2,1
US11364292-B2,US9267114-B2,1
US11364292-B2,US9512456-B2,1
US11364292-B2,US9868691-B2,1
US11364292-B2,US9872900-B2,1
US11364292-B2,US10064934-B2,1
US11364292-B2,US10064935-B2,1
US11364292-B2,US10124055-B2,1
US11364292-B2,US10273269-B2,1
US11364292-B2,US10449244-B2,1
US11364292-B2,US10493143-B2,1
US11364292-B2,US10695419-B2,1
US11364292-B2,US10857105-B2,1
US11364292-B2,US10925958-B2,1
US11364292-B2,WO2011144358-A1,1
US11364292-B2,WO2007095976-A2,1
US11364292-B2,WO2008014979-A3,1
US9867888-B2,US8158601-B2,1
US9867888-B2,US8802644-B2,1
US9867888-B2,US9394234-B2,1
US9868693-B2,US8158601-B2,1
US9868693-B2,US8802644-B2,1
US9868693-B2,US9394234-B2,1
US10392341-B2,US8158601-B2,1
US10392341-B2,US8450298-B2,1
US10392341-B2,US8734846-B2,1
US10392341-B2,US8802644-B2,1
US10392341-B2,US9394234-B2,1
US10392341-B2,US9867888-B2,1
US10392341-B2,US9868691-B2,1
US10392341-B2,US9868693-B2,1
US10799463-B2,US8158601-B2,1
US10799463-B2,US8450298-B2,1
US10799463-B2,US8734846-B2,1
US10799463-B2,US8802644-B2,1
US10799463-B2,US9394234-B2,1
US10799463-B2,US9867888-B2,1
US10799463-B2,US9868691-B2,1
US10799463-B2,US9868693-B2,1
US10799463-B2,US10392341-B2,1
US9295717-B2,WO2006004648-A1,1
US11318213-B2,US7045335-B2,1
US11318213-B2,US7425337-B2,1
US11318213-B2,US9655845-B2,1
US11318213-B2,US10307374-B2,1
US11318213-B2,US11141377-B2,1
US9655845-B2,US6884435-B1,1
US9655845-B2,US7314627-B2,1
US10307374-B2,US9655845-B2,1
US10307374-B2,US9801897-B2,1
US10307374-B2,US6884435-B1,1
US10307374-B2,US7314627-B2,1
US11141377-B2,US7785603-B2,1
US11141377-B2,US7888112-B2,1
US11141377-B2,US9636410-B2,1
US11141377-B2,US9655845-B2,1
US11141377-B2,US9770463-B2,1
US11141377-B2,US9801897-B2,1
US11141377-B2,US10183074-B2,1
US11141377-B2,US10487332-B2,1
US11141377-B2,WO2008153541-A1,1
US11376335-B2,US7045335-B2,1
US11376335-B2,US7425337-B2,1
US11376335-B2,US9655845-B2,1
US11376335-B2,US10307374-B2,1
US11376335-B2,US11141377-B2,1
US11433142-B2,US11141377-B2,1
US11433142-B2,US7045335-B2,1
US11433142-B2,US7425337-B2,1
US11433142-B2,US9655845-B2,1
US11433142-B2,US10307374-B2,1
US11458209-B2,US7045335-B2,1
US11458209-B2,US7425337-B2,1
US11458209-B2,US9655845-B2,1
US11458209-B2,US10307374-B2,1
US11458209-B2,US11141377-B2,1
US11458209-B2,WO2008153541-A1,1
US11534497-B2,US7045335-B2,1
US11534497-B2,US7425337-B2,1
US11534497-B2,US9655845-B2,1
US11534497-B2,US10307374-B2,1
US11534497-B2,US11141377-B2,1
US11534497-B2,WO2008153541-A1,1
US7354594-B2,US6593463-B1,1
US10119124-B2,AU2012204138-B2,1
US10119124-B2,CN1826407-B,1
US10119124-B2,US5716821-A,1
US10119124-B2,US5840520-A,1
US10119124-B2,US6033886-A,1
US10119124-B2,US6146642-A,1
US10119124-B2,US6169175-B1,1
US10119124-B2,US6544785-B1,1
US10119124-B2,US6951754-B2,1
US10119124-B2,US7312064-B2,1
US10119124-B2,US7507411-B2,1
US10119124-B2,US7566458-B2,1
US10119124-B2,US7993924-B2,1
US10119124-B2,US8057806-B2,1
US10119124-B2,US8093033-B2,1
US10119124-B2,US8475806-B2,1
US10119124-B2,US8574593-B2,1
US10119124-B2,US8591914-B2,1
US10119124-B2,US9254318-B2,1
US10119124-B2,US9474798-B2,1
US10119124-B2,WO2007126810-A2,1
US10119124-B2,WO2004112831-A3,1
US10119124-B2,WO2007126810-A3,1
US10119124-B2,WO2008156778-A3,1
US10130697-B2,US6169175-B1,1
US10130697-B2,AU2012204138-B2,1
US10130697-B2,US5716821-A,1
US10130697-B2,US5840520-A,1
US10130697-B2,US6033886-A,1
US10130697-B2,US6146642-A,1
US10130697-B2,US6544785-B1,1
US10130697-B2,US6951754-B2,1
US10130697-B2,US7312064-B2,1
US10130697-B2,US7507411-B2,1
US10130697-B2,US7566458-B2,1
US10130697-B2,US7993924-B2,1
US10130697-B2,US8057806-B2,1
US10130697-B2,US8093033-B2,1
US10130697-B2,US8475806-B2,1
US10130697-B2,US8574593-B2,1
US10130697-B2,US8591914-B2,1
US10130697-B2,US9254318-B2,1
US10130697-B2,US9474798-B2,1
US10130697-B2,WO2007126810-A2,1
US10130697-B2,WO2004112831-A3,1
US10130697-B2,WO2007126810-A3,1
US9333248-B2,US7105154-B2,1
US9024001-B2,US6426196-B1,1
US8551481-B2,US6432925-B1,1
US9005629-B2,US6432925-B1,1
US8603491-B2,US6566093-B1,1
US8293717-B2,US6399322-B1,1
US8293717-B2,US7354908-B2,1
US9636410-B2,US6884435-B1,1
US9636410-B2,US7314627-B2,1
US10183074-B2,US9636410-B2,1
US10183074-B2,US6884435-B1,1
US10183074-B2,US7314627-B2,1
US9845489-B2,EP1555033-A3,1
US9845489-B2,US8519125-B2,1
US9845489-B2,US9376709-B2,1
US9845489-B2,WO2009009210-A2,1
US8519125-B2,WO2009009210-A2,1
US9376709-B2,EP1555033-A2,1
US9376709-B2,US8519125-B2,1
US9376709-B2,WO2009009210-A2,1
US10168330-B2,WO2009016433-A3,1
US10168330-B2,WO2016141338-A2,1
US7582303-B2,US7005130-B2,1
US8232379-B2,US6258788-B1,1
US8232379-B2,US7227011-B2,1
US8232379-B2,US7662394-B2,1
US7049428-B1,US5610054-A,1
US7049428-B1,US5874565-A,1
US7049428-B1,US6153421-A,1
US7049428-B1,US6630343-B1,1
US9567598-B2,WO2008142411-A1,1
US6387888-B1,US6034218-A,1
US7659103-B2,US6630343-B1,1
US8058257-B2,US7691824-B2,1
US7338759-B1,US5610054-A,1
US7338759-B1,US5874565-A,1
US7338759-B1,US6127116-A,1
US7338759-B1,US6153421-A,1
US7338759-B1,US6630343-B1,1
US8298785-B2,EP1032269-A1,1
US10124065-B2,US9504747-B2,1
US9795668-B2,US9192661-B2,1
US8153141-B2,US6562798-B1,1
US8153141-B2,US7534772-B2,1
US8153141-B2,US7723500-B2,1
US8153141-B2,WO2003086280-A3,1
US8153141-B2,WO2006063252-A3,1
US10369216-B2,US9421255-B2,1
US10369216-B2,US9688729-B2,1
US10369216-B2,EP1905844-A2,1
US10369216-B2,WO2006116458-A2,1
US10369216-B2,WO2004092329-A3,1
US10369216-B2,WO2006029223-A3,1
US10369216-B2,WO2006080946-A3,1
US7939318-B2,US5877159-A,1
US7939318-B2,US6033895-A,1
US7939318-B2,US6037456-A,1
US7939318-B2,US6228423-B1,1
US7939318-B2,US6303779-B1,1
US7939318-B2,US6589529-B1,1
US10041129-B2,US9404926-B2,1
US10648040-B2,US9404926-B2,1
US7858099-B2,US7179473-B2,1
US9457080-B2,US7041474-B2,1
US9457080-B2,WO2008083174-A3,1
US10370446-B2,US9457080-B2,1
US10370446-B2,EP2397156-B1,1
US10370446-B2,US7041474-B2,1
US10370446-B2,US8652465-B2,1
US10370446-B2,WO2008083174-A3,1
US7632515-B2,EP1785486-A2,1
US7632515-B2,US6420135-B1,1
US7632515-B2,US6936252-B2,1
US7713534-B2,US6420135-B1,1
US7713534-B2,US6936252-B2,1
US11324833-B2,US10130688-B2,1
US11324833-B2,US10624955-B2,1
US11324833-B2,US10624956-B2,1
US11324833-B2,US10624957-B2,1
US11324833-B2,US10786555-B2,1
US11324833-B2,US10786556-B2,1
US10624956-B2,US10130688-B2,1
US10624957-B2,US10130688-B2,1
US10786556-B2,US10130688-B2,1
US10786556-B2,US10624955-B2,1
US10786556-B2,US10624956-B2,1
US10786556-B2,US10624957-B2,1
US9828587-B2,CN105431170-A,1
EP3027203-B1,EP3027203-B1,1
US10227373-B2,US9657048-B2,1
US7863434-B2,US6204252-B1,1
US7863434-B2,US6306394-B1,1
US8093008-B2,US6204252-B1,1
US8093008-B2,US6306394-B1,1
US7306787-B2,US6309623-B1,1
US7306787-B2,US6565885-B1,1
US7306787-B2,US6630169-B1,1
US8513403-B2,US8101741-B2,1
US8513403-B2,US8188263-B2,1
US9555122-B2,WO2011076391-A1,1
US10080804-B2,US8871230-B2,1
US10080804-B2,US9555122-B2,1
US10080804-B2,WO2011076391-A1,1
US6800737-B2,US6245523-B1,1
US9345841-B2,US9005171-B2,1
US9107939-B2,US6033886-A,1
US9107939-B2,US6264957-B1,1
US11053296-B2,US8080634-B2,1
US11053296-B2,US8669230-B2,1
US11053296-B2,US9889159-B2,1
US11214608-B2,US8080634-B2,1
US11214608-B2,US8669230-B2,1
US11214608-B2,US9889159-B2,1
US7105345-B2,US6759237-B1,1
US7186552-B2,US6759237-B1,1
US9226936-B2,WO2007149521-A3,1
US6846809-B2,US6313285-B1,1
US7227011-B2,US6258788-B1,1
US10086013-B2,EP2532649-A1,1
US10086013-B2,US8450298-B2,1
US10086013-B2,US8969353-B2,1
US10086013-B2,US9238716-B2,1
US10086013-B2,US9439968-B2,1
US10086013-B2,US9512073-B2,1
US10086013-B2,US9556110-B2,1
US10086013-B2,WO2005055979-A2,1
US11278571-B2,WO2007028573-A1,1
US8163530-B2,US5840520-A,1
US8163530-B2,US6713066-B1,1
KR968591-B1,KR784485-B1,1
US7754214-B2,US6756481-B2,1
US7754214-B2,US7422743-B2,1
US7393544-B2,US6309623-B1,1
US7393544-B2,US6565885-B1,1
US7393544-B2,US6630169-B1,1
US7393544-B2,US6946117-B1,1
US7393544-B2,US6638495-B2,1
US7205343-B2,US6309623-B1,1
US7628978-B2,US6309623-B1,1
US7628978-B2,US6630169-B1,1
US7790145-B2,AU757337-B,1
US7790145-B2,US6309623-B1,1
US7790145-B2,US6630169-B1,1
US7790145-B2,US6946117-B1,1
US7790145-B2,US6638495-B2,1
US7790145-B2,US7306787-B2,1
US7790145-B2,US7393544-B2,1
US9011835-B2,US7888112-B2,1
US10632190-B2,US9011835-B2,1
US10632190-B2,US9764026-B2,1
US10632190-B2,US7410795-B2,1
US10632190-B2,US7888112-B2,1
US9486484-B2,US8784801-B2,1
US11324839-B2,US9506082-B2,1
US11324839-B2,WO2010026099-A1,1
US11324839-B2,WO2008153733-A3,1
US11324839-B2,WO2009025690-A3,1
US8529906-B2,US7501134-B2,1
US8529906-B2,WO2003028656-A3,1
US8529906-B2,WO2003070909-A3,1
US9975936-B2,US8012931-B2,1
US9975936-B2,US8383365-B2,1
US9975936-B2,WO2008121563-A3,1
US7820797-B2,WO2007067744-A3,1
US8075884-B2,US6338851-B1,1
US8075884-B2,US6652858-B2,1
US8075884-B2,US6749854-B2,1
US8075884-B2,US6984625-B2,1
US8075884-B2,US7238352-B2,1
US9095537-B2,WO2008026071-A3,1
US11266638-B2,US10849892-B2,1
US11266638-B2,US10836746-B2,1
US7201911-B1,US6127116-A,1
WO2003077729-A3,US6127116-A,1
WO2003077729-A3,US6280940-B1,1
US9840696-B2,US9228180-B2,1
US7939083-B2,US7479553-B2,1
US10034928-B2,US8703148-B2,1
US10034928-B2,US9085631-B2,1
US10034928-B2,US9534022-B2,1
US10752636-B2,US10294234-B2,1
US10221461-B2,CN103097888-A,1
US10221461-B2,US6087096-A,1
US10221461-B2,US8691510-B2,1
US10221461-B2,US8748103-B2,1
US8691510-B2,US6087096-A,1
US8691510-B2,WO2009019657-A3,1
US8691510-B2,WO2012048340-A3,1
US7485299-B2,US6329503-B1,1
US7485299-B2,US6833438-B1,1
US7575749-B2,US6329503-B1,1
US7611904-B2,US6329503-B1,1
US7611904-B2,US6887975-B2,1
US7611904-B2,US7053186-B2,1
US7611904-B2,US7166714-B2,1
US7622569-B2,US6329503-B1,1
US7622569-B2,US6833438-B1,1
US7642054-B2,US6329503-B1,1
US7727533-B2,US6329503-B1,1
US7928201-B2,US6329503-B1,1
US7928201-B2,US6887975-B2,1
US7928201-B2,US7053186-B2,1
US7928201-B2,US7166714-B2,1
US7928201-B2,US7494646-B2,1
US7928201-B2,US7575749-B2,1
US7928201-B2,US7611904-B2,1
US7928201-B2,US7642054-B2,1
US7968307-B2,US6329503-B1,1
US7968307-B2,US6887975-B2,1
US7968307-B2,US7053186-B2,1
US7968307-B2,US7166714-B2,1
US7968307-B2,US7494646-B2,1
US7968307-B2,US7575749-B2,1
US7968307-B2,US7611904-B2,1
US7968307-B2,US7642054-B2,1
US10596255-B2,US10300138-B2,1
US10603379-B2,US10363308-B2,1
US10603379-B2,US10300138-B2,1
US10603379-B2,US10300139-B2,1
US10765740-B2,US10363308-B2,1
US10765740-B2,US10300138-B2,1
US10765740-B2,US10300139-B2,1
US10765740-B2,US10596255-B2,1
US10765740-B2,US10603379-B2,1
US10953090-B2,US10363308-B2,1
US10953090-B2,US10300138-B2,1
US10953090-B2,US10300139-B2,1
US10953090-B2,US10596255-B2,1
US10953090-B2,US10603379-B2,1
US11141481-B2,US10300138-B2,1
US11141481-B2,US10300139-B2,1
US11141481-B2,US10363308-B2,1
US11141481-B2,US10603379-B2,1
US11141481-B2,US10596255-B2,1
US11141481-B2,US10765740-B2,1
US7037508-B2,EP965639-A1,1
US6759217-B2,US6329179-B1,1
US6939671-B2,US6329179-B1,1
US7932061-B2,US6329179-B1,1
US7932061-B2,US6759217-B2,1
US7932061-B2,US6916634-B2,1
US6921535-B2,EP974660-A1,1
US6921535-B2,US6033886-A,1
US6921535-B2,US6699476-B1,1
US5851759-A,US5514539-A,1
US9347099-B2,US6087096-A,1
US9347099-B2,US8691510-B2,1
US9347099-B2,US8748103-B2,1
US9347099-B2,WO2009019657-A3,1
US9347099-B2,WO2012048340-A3,1
US9255252-B2,US8298541-B2,1
US9884104-B2,US8298541-B2,1
US9884104-B2,WO2005051313-A3,1
US6756036-B2,US6267960-B1,1
US6825326-B2,US6258939-B1,1
US6960443-B2,US6261789-B1,1
US6960443-B2,US6261791-B1,1
US7407656-B2,US6258939-B1,1
US7407656-B2,US6261789-B1,1
US7407656-B2,US6261791-B1,1
US7407656-B2,US6267960-B1,1
US7407656-B2,US6756036-B2,1
US7407656-B2,US6790939-B2,1
US7407656-B2,US6825326-B2,1
US7407656-B2,US6881822-B2,1
US7407656-B2,US6960443-B2,1
US7407656-B2,US6979730-B2,1
US7485296-B2,US6258939-B1,1
US7485296-B2,US6261789-B1,1
US7485296-B2,US6261791-B1,1
US7485296-B2,US6267960-B1,1
US7485296-B2,US6756036-B2,1
US7485296-B2,US6790939-B2,1
US7485296-B2,US6825326-B2,1
US7485296-B2,US6881822-B2,1
US7485296-B2,US6960443-B2,1
US7485296-B2,US6979730-B2,1
US7527786-B2,US6258939-B1,1
US7527786-B2,US6261789-B1,1
US7527786-B2,US6261791-B1,1
US7527786-B2,US6267960-B1,1
US7527786-B2,US6756036-B2,1
US7527786-B2,US6790939-B2,1
US7527786-B2,US6825326-B2,1
US7527786-B2,US6881822-B2,1
US7527786-B2,US6960443-B2,1
US7527786-B2,US6979730-B2,1
US7785603-B2,US7105574-B1,1
US7785603-B2,US7250404-B2,1
US6811784-B2,US5869036-A,1
US7655422-B2,US7435552-B2,1
US7781181-B2,US7435552-B2,1
US8138322-B2,US7435552-B2,1
US9446144-B2,US7820797-B2,1
US9446144-B2,WO2007067744-A3,1
US9446144-B2,WO2007079448-A3,1
US8128938-B1,US6586409-B1,1
US8128938-B1,US7105574-B1,1
US8128938-B1,US7250404-B2,1
US8128938-B1,US7785603-B2,1
US10046047-B2,US7132109-B1,1
US10046047-B2,WO2005092373-A1,1
US10758611-B2,US10351824-B2,1
US10758611-B2,US7132109-B1,1
US10758611-B2,WO2005092373-A1,1
US10780161-B2,US7132109-B1,1
US10780161-B2,WO2005092373-A1,1
US7960533-B2,US7098182-B2,1
US7432079-B2,US6033895-A,1
US7432079-B2,US6037456-A,1
US7432079-B2,US6303779-B1,1
US7432079-B2,US6730306-B1,1
US7432079-B2,US6740740-B2,1
US7439347-B2,US6153421-A,1
US7439347-B2,US6960569-B2,1
US10189903-B2,US9447194-B2,1
US7927607-B2,US7098182-B2,1
US7927607-B2,US7378234-B2,1
US7847067-B2,US7029677-B2,1
US7847067-B2,US7378253-B2,1
US7498314-B2,US7118751-B1,1
US8053414-B2,US6743619-B1,1
US8053414-B2,US6919193-B2,1
US8053414-B2,US7030219-B2,1
US8053414-B2,US7560540-B2,1
